test_env,accuracy,macro avg_precision,macro avg_recall,macro avg_f1-score,macro avg_support,args,0_precision,0_recall,0_f1-score,0_support,1_precision,1_recall,1_f1-score,1_support,weighted avg_precision,weighted avg_recall,weighted avg_f1-score,weighted avg_support
0,29.59,14.80,50.00,22.83,98,"{'activity_id': 6, 'test_envs': 0, 'k_num': 1, 'squared_sigma': 8, 'm': 1}",0.00,0.00,0.00,69,29.59,100.00,45.67,29,8.76,29.59,13.51,98
0,29.59,14.80,50.00,22.83,98,"{'activity_id': 6, 'test_envs': 0, 'k_num': 1, 'squared_sigma': 8, 'm': 6}",0.00,0.00,0.00,69,29.59,100.00,45.67,29,8.76,29.59,13.51,98
0,29.59,14.80,50.00,22.83,98,"{'activity_id': 6, 'test_envs': 0, 'k_num': 1, 'squared_sigma': 8, 'm': 11}",0.00,0.00,0.00,69,29.59,100.00,45.67,29,8.76,29.59,13.51,98
0,29.59,14.80,50.00,22.83,98,"{'activity_id': 6, 'test_envs': 0, 'k_num': 1, 'squared_sigma': 8, 'm': 16}",0.00,0.00,0.00,69,29.59,100.00,45.67,29,8.76,29.59,13.51,98
0,29.59,14.80,50.00,22.83,98,"{'activity_id': 6, 'test_envs': 0, 'k_num': 1, 'squared_sigma': 8, 'm': 21}",0.00,0.00,0.00,69,29.59,100.00,45.67,29,8.76,29.59,13.51,98
0,29.59,14.80,50.00,22.83,98,"{'activity_id': 6, 'test_envs': 0, 'k_num': 1, 'squared_sigma': 8, 'm': 26}",0.00,0.00,0.00,69,29.59,100.00,45.67,29,8.76,29.59,13.51,98
0,29.59,14.80,50.00,22.83,98,"{'activity_id': 6, 'test_envs': 0, 'k_num': 1, 'squared_sigma': 8, 'm': 31}",0.00,0.00,0.00,69,29.59,100.00,45.67,29,8.76,29.59,13.51,98
0,41.84,47.89,47.70,41.68,98,"{'activity_id': 6, 'test_envs': 0, 'k_num': 1, 'squared_sigma': 8, 'm': 36}",67.65,33.33,44.66,69,28.12,62.07,38.71,29,55.95,41.84,42.90,98
0,42.86,47.72,47.43,42.47,98,"{'activity_id': 6, 'test_envs': 0, 'k_num': 1, 'squared_sigma': 8, 'm': 111}",67.57,36.23,47.17,69,27.87,58.62,37.78,29,55.82,42.86,44.39,98
0,42.86,47.72,47.43,42.47,98,"{'activity_id': 6, 'test_envs': 0, 'k_num': 1, 'squared_sigma': 8, 'm': 116}",67.57,36.23,47.17,69,27.87,58.62,37.78,29,55.82,42.86,44.39,98
0,42.86,49.46,49.43,42.76,98,"{'activity_id': 6, 'test_envs': 0, 'k_num': 1, 'squared_sigma': 8, 'm': 126}",69.70,33.33,45.10,69,29.23,65.52,40.43,29,57.72,42.86,43.72,98
0,43.88,50.14,50.15,43.73,98,"{'activity_id': 6, 'test_envs': 0, 'k_num': 1, 'squared_sigma': 8, 'm': 131}",70.59,34.78,46.60,69,29.69,65.52,40.86,29,58.48,43.88,44.90,98
0,43.88,50.14,50.15,43.73,98,"{'activity_id': 6, 'test_envs': 0, 'k_num': 1, 'squared_sigma': 8, 'm': 136}",70.59,34.78,46.60,69,29.69,65.52,40.86,29,58.48,43.88,44.90,98
0,43.88,50.14,50.15,43.73,98,"{'activity_id': 6, 'test_envs': 0, 'k_num': 1, 'squared_sigma': 8, 'm': 141}",70.59,34.78,46.60,69,29.69,65.52,40.86,29,58.48,43.88,44.90,98
0,43.88,50.14,50.15,43.73,98,"{'activity_id': 6, 'test_envs': 0, 'k_num': 1, 'squared_sigma': 8, 'm': 146}",70.59,34.78,46.60,69,29.69,65.52,40.86,29,58.48,43.88,44.90,98
0,44.90,50.79,50.87,44.69,98,"{'activity_id': 6, 'test_envs': 0, 'k_num': 1, 'squared_sigma': 8, 'm': 151}",71.43,36.23,48.08,69,30.16,65.52,41.30,29,59.22,44.90,46.07,98
0,45.92,51.43,51.60,45.64,98,"{'activity_id': 6, 'test_envs': 0, 'k_num': 1, 'squared_sigma': 8, 'm': 156}",72.22,37.68,49.52,69,30.65,65.52,41.76,29,59.92,45.92,47.23,98
0,46.94,52.06,52.32,46.58,98,"{'activity_id': 6, 'test_envs': 0, 'k_num': 1, 'squared_sigma': 8, 'm': 161}",72.97,39.13,50.94,69,31.15,65.52,42.22,29,60.60,46.94,48.36,98
0,46.94,53.02,53.32,46.74,98,"{'activity_id': 6, 'test_envs': 0, 'k_num': 1, 'squared_sigma': 8, 'm': 166}",74.29,37.68,50.00,69,31.75,68.97,43.48,29,61.70,46.94,48.07,98
0,46.94,53.02,53.32,46.74,98,"{'activity_id': 6, 'test_envs': 0, 'k_num': 1, 'squared_sigma': 8, 'm': 171}",74.29,37.68,50.00,69,31.75,68.97,43.48,29,61.70,46.94,48.07,98
0,46.94,53.02,53.32,46.74,98,"{'activity_id': 6, 'test_envs': 0, 'k_num': 1, 'squared_sigma': 8, 'm': 176}",74.29,37.68,50.00,69,31.75,68.97,43.48,29,61.70,46.94,48.07,98
0,50.00,55.82,56.50,49.74,98,"{'activity_id': 6, 'test_envs': 0, 'k_num': 1, 'squared_sigma': 8, 'm': 181}",77.78,40.58,53.33,69,33.87,72.41,46.15,29,64.78,50.00,51.21,98
0,50.00,55.82,56.50,49.74,98,"{'activity_id': 6, 'test_envs': 0, 'k_num': 1, 'squared_sigma': 8, 'm': 186}",77.78,40.58,53.33,69,33.87,72.41,46.15,29,64.78,50.00,51.21,98
0,50.00,55.82,56.50,49.74,98,"{'activity_id': 6, 'test_envs': 0, 'k_num': 1, 'squared_sigma': 8, 'm': 191}",77.78,40.58,53.33,69,33.87,72.41,46.15,29,64.78,50.00,51.21,98
0,50.00,55.82,56.50,49.74,98,"{'activity_id': 6, 'test_envs': 0, 'k_num': 1, 'squared_sigma': 8, 'm': 196}",77.78,40.58,53.33,69,33.87,72.41,46.15,29,64.78,50.00,51.21,98
0,50.00,55.82,56.50,49.74,98,"{'activity_id': 6, 'test_envs': 0, 'k_num': 1, 'squared_sigma': 8, 'm': 201}",77.78,40.58,53.33,69,33.87,72.41,46.15,29,64.78,50.00,51.21,98
0,50.00,55.82,56.50,49.74,98,"{'activity_id': 6, 'test_envs': 0, 'k_num': 1, 'squared_sigma': 8, 'm': 206}",77.78,40.58,53.33,69,33.87,72.41,46.15,29,64.78,50.00,51.21,98
0,50.00,55.82,56.50,49.74,98,"{'activity_id': 6, 'test_envs': 0, 'k_num': 1, 'squared_sigma': 8, 'm': 211}",77.78,40.58,53.33,69,33.87,72.41,46.15,29,64.78,50.00,51.21,98
0,52.04,58.02,58.95,51.79,98,"{'activity_id': 6, 'test_envs': 0, 'k_num': 1, 'squared_sigma': 8, 'm': 311}",80.56,42.03,55.24,69,35.48,75.86,48.35,29,67.22,52.04,53.20,98
0,54.08,58.10,59.40,53.50,98,"{'activity_id': 6, 'test_envs': 0, 'k_num': 1, 'squared_sigma': 8, 'm': 341}",80.00,46.38,58.72,69,36.21,72.41,48.28,29,67.04,54.08,55.63,98
0,54.08,58.10,59.40,53.50,98,"{'activity_id': 6, 'test_envs': 0, 'k_num': 1, 'squared_sigma': 8, 'm': 346}",80.00,46.38,58.72,69,36.21,72.41,48.28,29,67.04,54.08,55.63,98
0,54.08,58.10,59.40,53.50,98,"{'activity_id': 6, 'test_envs': 0, 'k_num': 1, 'squared_sigma': 8, 'm': 351}",80.00,46.38,58.72,69,36.21,72.41,48.28,29,67.04,54.08,55.63,98
0,54.08,58.10,59.40,53.50,98,"{'activity_id': 6, 'test_envs': 0, 'k_num': 1, 'squared_sigma': 8, 'm': 356}",80.00,46.38,58.72,69,36.21,72.41,48.28,29,67.04,54.08,55.63,98
0,54.08,58.10,59.40,53.50,98,"{'activity_id': 6, 'test_envs': 0, 'k_num': 1, 'squared_sigma': 8, 'm': 361}",80.00,46.38,58.72,69,36.21,72.41,48.28,29,67.04,54.08,55.63,98
0,54.08,58.10,59.40,53.50,98,"{'activity_id': 6, 'test_envs': 0, 'k_num': 1, 'squared_sigma': 8, 'm': 366}",80.00,46.38,58.72,69,36.21,72.41,48.28,29,67.04,54.08,55.63,98
0,54.08,58.10,59.40,53.50,98,"{'activity_id': 6, 'test_envs': 0, 'k_num': 1, 'squared_sigma': 8, 'm': 371}",80.00,46.38,58.72,69,36.21,72.41,48.28,29,67.04,54.08,55.63,98
0,54.08,58.10,59.40,53.50,98,"{'activity_id': 6, 'test_envs': 0, 'k_num': 1, 'squared_sigma': 8, 'm': 376}",80.00,46.38,58.72,69,36.21,72.41,48.28,29,67.04,54.08,55.63,98
0,54.08,58.10,59.40,53.50,98,"{'activity_id': 6, 'test_envs': 0, 'k_num': 1, 'squared_sigma': 8, 'm': 381}",80.00,46.38,58.72,69,36.21,72.41,48.28,29,67.04,54.08,55.63,98
0,54.08,58.10,59.40,53.50,98,"{'activity_id': 6, 'test_envs': 0, 'k_num': 1, 'squared_sigma': 8, 'm': 386}",80.00,46.38,58.72,69,36.21,72.41,48.28,29,67.04,54.08,55.63,98
0,54.08,58.10,59.40,53.50,98,"{'activity_id': 6, 'test_envs': 0, 'k_num': 1, 'squared_sigma': 8, 'm': 391}",80.00,46.38,58.72,69,36.21,72.41,48.28,29,67.04,54.08,55.63,98
0,54.08,58.10,59.40,53.50,98,"{'activity_id': 6, 'test_envs': 0, 'k_num': 1, 'squared_sigma': 8, 'm': 396}",80.00,46.38,58.72,69,36.21,72.41,48.28,29,67.04,54.08,55.63,98
0,54.08,58.10,59.40,53.50,98,"{'activity_id': 6, 'test_envs': 0, 'k_num': 1, 'squared_sigma': 8, 'm': 401}",80.00,46.38,58.72,69,36.21,72.41,48.28,29,67.04,54.08,55.63,98
0,54.08,58.10,59.40,53.50,98,"{'activity_id': 6, 'test_envs': 0, 'k_num': 1, 'squared_sigma': 8, 'm': 406}",80.00,46.38,58.72,69,36.21,72.41,48.28,29,67.04,54.08,55.63,98
0,54.08,58.10,59.40,53.50,98,"{'activity_id': 6, 'test_envs': 0, 'k_num': 1, 'squared_sigma': 8, 'm': 411}",80.00,46.38,58.72,69,36.21,72.41,48.28,29,67.04,54.08,55.63,98
0,54.08,57.14,58.40,53.26,98,"{'activity_id': 6, 'test_envs': 0, 'k_num': 1, 'squared_sigma': 8, 'm': 581}",78.57,47.83,59.46,69,35.71,68.97,47.06,29,65.89,54.08,55.79,98
0,54.08,57.14,58.40,53.26,98,"{'activity_id': 6, 'test_envs': 0, 'k_num': 1, 'squared_sigma': 8, 'm': 586}",78.57,47.83,59.46,69,35.71,68.97,47.06,29,65.89,54.08,55.79,98
0,54.08,57.14,58.40,53.26,98,"{'activity_id': 6, 'test_envs': 0, 'k_num': 1, 'squared_sigma': 8, 'm': 591}",78.57,47.83,59.46,69,35.71,68.97,47.06,29,65.89,54.08,55.79,98
0,54.08,57.14,58.40,53.26,98,"{'activity_id': 6, 'test_envs': 0, 'k_num': 1, 'squared_sigma': 8, 'm': 596}",78.57,47.83,59.46,69,35.71,68.97,47.06,29,65.89,54.08,55.79,98
0,54.08,57.14,58.40,53.26,98,"{'activity_id': 6, 'test_envs': 0, 'k_num': 1, 'squared_sigma': 8, 'm': 601}",78.57,47.83,59.46,69,35.71,68.97,47.06,29,65.89,54.08,55.79,98
0,54.08,57.14,58.40,53.26,98,"{'activity_id': 6, 'test_envs': 0, 'k_num': 1, 'squared_sigma': 8, 'm': 606}",78.57,47.83,59.46,69,35.71,68.97,47.06,29,65.89,54.08,55.79,98
0,54.08,57.14,58.40,53.26,98,"{'activity_id': 6, 'test_envs': 0, 'k_num': 1, 'squared_sigma': 8, 'm': 611}",78.57,47.83,59.46,69,35.71,68.97,47.06,29,65.89,54.08,55.79,98
0,54.08,57.14,58.40,53.26,98,"{'activity_id': 6, 'test_envs': 0, 'k_num': 1, 'squared_sigma': 8, 'm': 616}",78.57,47.83,59.46,69,35.71,68.97,47.06,29,65.89,54.08,55.79,98
0,54.08,57.14,58.40,53.26,98,"{'activity_id': 6, 'test_envs': 0, 'k_num': 1, 'squared_sigma': 8, 'm': 621}",78.57,47.83,59.46,69,35.71,68.97,47.06,29,65.89,54.08,55.79,98
0,54.08,57.14,58.40,53.26,98,"{'activity_id': 6, 'test_envs': 0, 'k_num': 1, 'squared_sigma': 8, 'm': 626}",78.57,47.83,59.46,69,35.71,68.97,47.06,29,65.89,54.08,55.79,98
0,54.08,57.14,58.40,53.26,98,"{'activity_id': 6, 'test_envs': 0, 'k_num': 1, 'squared_sigma': 8, 'm': 631}",78.57,47.83,59.46,69,35.71,68.97,47.06,29,65.89,54.08,55.79,98
0,54.08,57.14,58.40,53.26,98,"{'activity_id': 6, 'test_envs': 0, 'k_num': 1, 'squared_sigma': 8, 'm': 636}",78.57,47.83,59.46,69,35.71,68.97,47.06,29,65.89,54.08,55.79,98
0,54.08,58.10,59.40,53.50,98,"{'activity_id': 6, 'test_envs': 0, 'k_num': 1, 'squared_sigma': 8, 'm': 641}",80.00,46.38,58.72,69,36.21,72.41,48.28,29,67.04,54.08,55.63,98
0,54.08,58.10,59.40,53.50,98,"{'activity_id': 6, 'test_envs': 0, 'k_num': 1, 'squared_sigma': 8, 'm': 646}",80.00,46.38,58.72,69,36.21,72.41,48.28,29,67.04,54.08,55.63,98
0,55.10,59.67,61.12,54.63,98,"{'activity_id': 6, 'test_envs': 0, 'k_num': 1, 'squared_sigma': 8, 'm': 651}",82.05,46.38,59.26,69,37.29,75.86,50.00,29,68.81,55.10,56.52,98
0,55.10,59.67,61.12,54.63,98,"{'activity_id': 6, 'test_envs': 0, 'k_num': 1, 'squared_sigma': 8, 'm': 656}",82.05,46.38,59.26,69,37.29,75.86,50.00,29,68.81,55.10,56.52,98
0,55.10,59.67,61.12,54.63,98,"{'activity_id': 6, 'test_envs': 0, 'k_num': 1, 'squared_sigma': 8, 'm': 661}",82.05,46.38,59.26,69,37.29,75.86,50.00,29,68.81,55.10,56.52,98
0,55.10,59.67,61.12,54.63,98,"{'activity_id': 6, 'test_envs': 0, 'k_num': 1, 'squared_sigma': 8, 'm': 666}",82.05,46.38,59.26,69,37.29,75.86,50.00,29,68.81,55.10,56.52,98
0,55.10,59.67,61.12,54.63,98,"{'activity_id': 6, 'test_envs': 0, 'k_num': 1, 'squared_sigma': 8, 'm': 671}",82.05,46.38,59.26,69,37.29,75.86,50.00,29,68.81,55.10,56.52,98
0,55.10,59.67,61.12,54.63,98,"{'activity_id': 6, 'test_envs': 0, 'k_num': 1, 'squared_sigma': 8, 'm': 676}",82.05,46.38,59.26,69,37.29,75.86,50.00,29,68.81,55.10,56.52,98
0,55.10,58.66,60.12,54.42,98,"{'activity_id': 6, 'test_envs': 0, 'k_num': 1, 'squared_sigma': 8, 'm': 881}",80.49,47.83,60.00,69,36.84,72.41,48.84,29,67.57,55.10,56.70,98
0,55.10,58.66,60.12,54.42,98,"{'activity_id': 6, 'test_envs': 0, 'k_num': 1, 'squared_sigma': 8, 'm': 886}",80.49,47.83,60.00,69,36.84,72.41,48.84,29,67.57,55.10,56.70,98
0,55.10,58.66,60.12,54.42,98,"{'activity_id': 6, 'test_envs': 0, 'k_num': 1, 'squared_sigma': 8, 'm': 891}",80.49,47.83,60.00,69,36.84,72.41,48.84,29,67.57,55.10,56.70,98
0,55.10,58.66,60.12,54.42,98,"{'activity_id': 6, 'test_envs': 0, 'k_num': 1, 'squared_sigma': 8, 'm': 896}",80.49,47.83,60.00,69,36.84,72.41,48.84,29,67.57,55.10,56.70,98
0,55.10,58.66,60.12,54.42,98,"{'activity_id': 6, 'test_envs': 0, 'k_num': 1, 'squared_sigma': 8, 'm': 901}",80.49,47.83,60.00,69,36.84,72.41,48.84,29,67.57,55.10,56.70,98
0,55.10,58.66,60.12,54.42,98,"{'activity_id': 6, 'test_envs': 0, 'k_num': 1, 'squared_sigma': 8, 'm': 906}",80.49,47.83,60.00,69,36.84,72.41,48.84,29,67.57,55.10,56.70,98
0,55.10,58.66,60.12,54.42,98,"{'activity_id': 6, 'test_envs': 0, 'k_num': 1, 'squared_sigma': 8, 'm': 911}",80.49,47.83,60.00,69,36.84,72.41,48.84,29,67.57,55.10,56.70,98
0,55.10,58.66,60.12,54.42,98,"{'activity_id': 6, 'test_envs': 0, 'k_num': 1, 'squared_sigma': 8, 'm': 916}",80.49,47.83,60.00,69,36.84,72.41,48.84,29,67.57,55.10,56.70,98
0,55.10,58.66,60.12,54.42,98,"{'activity_id': 6, 'test_envs': 0, 'k_num': 1, 'squared_sigma': 8, 'm': 921}",80.49,47.83,60.00,69,36.84,72.41,48.84,29,67.57,55.10,56.70,98
0,56.12,59.23,60.84,55.34,98,"{'activity_id': 6, 'test_envs': 0, 'k_num': 1, 'squared_sigma': 8, 'm': 926}",80.95,49.28,61.26,69,37.50,72.41,49.41,29,68.09,56.12,57.75,98
0,56.12,59.23,60.84,55.34,98,"{'activity_id': 6, 'test_envs': 0, 'k_num': 1, 'squared_sigma': 8, 'm': 931}",80.95,49.28,61.26,69,37.50,72.41,49.41,29,68.09,56.12,57.75,98
0,56.12,59.23,60.84,55.34,98,"{'activity_id': 6, 'test_envs': 0, 'k_num': 1, 'squared_sigma': 8, 'm': 936}",80.95,49.28,61.26,69,37.50,72.41,49.41,29,68.09,56.12,57.75,98
0,56.12,59.23,60.84,55.34,98,"{'activity_id': 6, 'test_envs': 0, 'k_num': 1, 'squared_sigma': 8, 'm': 941}",80.95,49.28,61.26,69,37.50,72.41,49.41,29,68.09,56.12,57.75,98
0,56.12,59.23,60.84,55.34,98,"{'activity_id': 6, 'test_envs': 0, 'k_num': 1, 'squared_sigma': 8, 'm': 946}",80.95,49.28,61.26,69,37.50,72.41,49.41,29,68.09,56.12,57.75,98
0,56.12,59.23,60.84,55.34,98,"{'activity_id': 6, 'test_envs': 0, 'k_num': 1, 'squared_sigma': 8, 'm': 951}",80.95,49.28,61.26,69,37.50,72.41,49.41,29,68.09,56.12,57.75,98
0,56.12,59.23,60.84,55.34,98,"{'activity_id': 6, 'test_envs': 0, 'k_num': 1, 'squared_sigma': 8, 'm': 956}",80.95,49.28,61.26,69,37.50,72.41,49.41,29,68.09,56.12,57.75,98
0,56.12,59.23,60.84,55.34,98,"{'activity_id': 6, 'test_envs': 0, 'k_num': 1, 'squared_sigma': 8, 'm': 961}",80.95,49.28,61.26,69,37.50,72.41,49.41,29,68.09,56.12,57.75,98
0,57.14,58.87,60.57,55.97,98,"{'activity_id': 6, 'test_envs': 0, 'k_num': 1, 'squared_sigma': 8, 'm': 971}",80.00,52.17,63.16,69,37.74,68.97,48.78,29,67.49,57.14,58.90,98
0,60.20,48.50,48.75,48.32,98,"{'activity_id': 6, 'test_envs': 0, 'k_num': 1, 'squared_sigma': 8, 'm': 1356}",69.74,76.81,73.10,69,27.27,20.69,23.53,29,57.17,60.20,58.43,98
0,60.20,48.50,48.75,48.32,98,"{'activity_id': 6, 'test_envs': 0, 'k_num': 1, 'squared_sigma': 8, 'm': 1361}",69.74,76.81,73.10,69,27.27,20.69,23.53,29,57.17,60.20,58.43,98
0,60.20,48.50,48.75,48.32,98,"{'activity_id': 6, 'test_envs': 0, 'k_num': 1, 'squared_sigma': 8, 'm': 1366}",69.74,76.81,73.10,69,27.27,20.69,23.53,29,57.17,60.20,58.43,98
0,60.20,48.50,48.75,48.32,98,"{'activity_id': 6, 'test_envs': 0, 'k_num': 1, 'squared_sigma': 8, 'm': 1371}",69.74,76.81,73.10,69,27.27,20.69,23.53,29,57.17,60.20,58.43,98
0,60.20,48.50,48.75,48.32,98,"{'activity_id': 6, 'test_envs': 0, 'k_num': 1, 'squared_sigma': 8, 'm': 1376}",69.74,76.81,73.10,69,27.27,20.69,23.53,29,57.17,60.20,58.43,98
0,60.20,48.50,48.75,48.32,98,"{'activity_id': 6, 'test_envs': 0, 'k_num': 1, 'squared_sigma': 8, 'm': 1381}",69.74,76.81,73.10,69,27.27,20.69,23.53,29,57.17,60.20,58.43,98
0,70.41,35.20,50.00,41.32,98,"{'activity_id': 6, 'test_envs': 0, 'k_num': 1, 'squared_sigma': 8, 'm': 1386}",70.41,100.00,82.63,69,0.00,0.00,0.00,29,49.57,70.41,58.18,98
0,70.41,35.20,50.00,41.32,98,"{'activity_id': 6, 'test_envs': 0, 'k_num': 1, 'squared_sigma': 8, 'm': 1391}",70.41,100.00,82.63,69,0.00,0.00,0.00,29,49.57,70.41,58.18,98
0,70.41,35.20,50.00,41.32,98,"{'activity_id': 6, 'test_envs': 0, 'k_num': 1, 'squared_sigma': 8, 'm': 1396}",70.41,100.00,82.63,69,0.00,0.00,0.00,29,49.57,70.41,58.18,98
0,70.41,35.20,50.00,41.32,98,"{'activity_id': 6, 'test_envs': 0, 'k_num': 1, 'squared_sigma': 8, 'm': 1401}",70.41,100.00,82.63,69,0.00,0.00,0.00,29,49.57,70.41,58.18,98
0,70.41,35.20,50.00,41.32,98,"{'activity_id': 6, 'test_envs': 0, 'k_num': 1, 'squared_sigma': 8, 'm': 1406}",70.41,100.00,82.63,69,0.00,0.00,0.00,29,49.57,70.41,58.18,98
0,70.41,35.20,50.00,41.32,98,"{'activity_id': 6, 'test_envs': 0, 'k_num': 1, 'squared_sigma': 8, 'm': 1411}",70.41,100.00,82.63,69,0.00,0.00,0.00,29,49.57,70.41,58.18,98
0,70.41,35.20,50.00,41.32,98,"{'activity_id': 6, 'test_envs': 0, 'k_num': 1, 'squared_sigma': 8, 'm': 1416}",70.41,100.00,82.63,69,0.00,0.00,0.00,29,49.57,70.41,58.18,98
0,70.41,35.20,50.00,41.32,98,"{'activity_id': 6, 'test_envs': 0, 'k_num': 1, 'squared_sigma': 8, 'm': 1421}",70.41,100.00,82.63,69,0.00,0.00,0.00,29,49.57,70.41,58.18,98
0,70.41,35.20,50.00,41.32,98,"{'activity_id': 6, 'test_envs': 0, 'k_num': 1, 'squared_sigma': 8, 'm': 1426}",70.41,100.00,82.63,69,0.00,0.00,0.00,29,49.57,70.41,58.18,98
0,70.41,35.20,50.00,41.32,98,"{'activity_id': 6, 'test_envs': 0, 'k_num': 1, 'squared_sigma': 8, 'm': 1431}",70.41,100.00,82.63,69,0.00,0.00,0.00,29,49.57,70.41,58.18,98
0,70.41,35.20,50.00,41.32,98,"{'activity_id': 6, 'test_envs': 0, 'k_num': 1, 'squared_sigma': 8, 'm': 1436}",70.41,100.00,82.63,69,0.00,0.00,0.00,29,49.57,70.41,58.18,98
0,70.41,35.20,50.00,41.32,98,"{'activity_id': 6, 'test_envs': 0, 'k_num': 1, 'squared_sigma': 8, 'm': 1441}",70.41,100.00,82.63,69,0.00,0.00,0.00,29,49.57,70.41,58.18,98
0,70.41,35.20,50.00,41.32,98,"{'activity_id': 6, 'test_envs': 0, 'k_num': 1, 'squared_sigma': 8, 'm': 1446}",70.41,100.00,82.63,69,0.00,0.00,0.00,29,49.57,70.41,58.18,98
0,70.41,35.20,50.00,41.32,98,"{'activity_id': 6, 'test_envs': 0, 'k_num': 1, 'squared_sigma': 8, 'm': 1451}",70.41,100.00,82.63,69,0.00,0.00,0.00,29,49.57,70.41,58.18,98
0,70.41,35.20,50.00,41.32,98,"{'activity_id': 6, 'test_envs': 0, 'k_num': 1, 'squared_sigma': 8, 'm': 1456}",70.41,100.00,82.63,69,0.00,0.00,0.00,29,49.57,70.41,58.18,98
0,70.41,35.20,50.00,41.32,98,"{'activity_id': 6, 'test_envs': 0, 'k_num': 1, 'squared_sigma': 8, 'm': 1461}",70.41,100.00,82.63,69,0.00,0.00,0.00,29,49.57,70.41,58.18,98
0,70.41,35.20,50.00,41.32,98,"{'activity_id': 6, 'test_envs': 0, 'k_num': 1, 'squared_sigma': 8, 'm': 1466}",70.41,100.00,82.63,69,0.00,0.00,0.00,29,49.57,70.41,58.18,98
0,70.41,35.20,50.00,41.32,98,"{'activity_id': 6, 'test_envs': 0, 'k_num': 1, 'squared_sigma': 8, 'm': 1471}",70.41,100.00,82.63,69,0.00,0.00,0.00,29,49.57,70.41,58.18,98
0,70.41,35.20,50.00,41.32,98,"{'activity_id': 6, 'test_envs': 0, 'k_num': 1, 'squared_sigma': 8, 'm': 1476}",70.41,100.00,82.63,69,0.00,0.00,0.00,29,49.57,70.41,58.18,98
0,70.41,35.20,50.00,41.32,98,"{'activity_id': 6, 'test_envs': 0, 'k_num': 1, 'squared_sigma': 8, 'm': 1481}",70.41,100.00,82.63,69,0.00,0.00,0.00,29,49.57,70.41,58.18,98
0,70.41,35.20,50.00,41.32,98,"{'activity_id': 6, 'test_envs': 0, 'k_num': 1, 'squared_sigma': 8, 'm': 1486}",70.41,100.00,82.63,69,0.00,0.00,0.00,29,49.57,70.41,58.18,98
0,70.41,35.20,50.00,41.32,98,"{'activity_id': 6, 'test_envs': 0, 'k_num': 1, 'squared_sigma': 8, 'm': 1491}",70.41,100.00,82.63,69,0.00,0.00,0.00,29,49.57,70.41,58.18,98
0,70.41,35.20,50.00,41.32,98,"{'activity_id': 6, 'test_envs': 0, 'k_num': 1, 'squared_sigma': 8, 'm': 1496}",70.41,100.00,82.63,69,0.00,0.00,0.00,29,49.57,70.41,58.18,98
0,57.14,58.87,60.57,55.97,98,"{'activity_id': 6, 'test_envs': 0, 'k_num': 2, 'squared_sigma': 8, 'm': 971}",80.00,52.17,63.16,69,37.74,68.97,48.78,29,67.49,57.14,58.90,98
0,70.41,35.20,50.00,41.32,98,"{'activity_id': 6, 'test_envs': 0, 'k_num': 2, 'squared_sigma': 8, 'm': 1386}",70.41,100.00,82.63,69,0.00,0.00,0.00,29,49.57,70.41,58.18,98
0,70.41,35.20,50.00,41.32,98,"{'activity_id': 6, 'test_envs': 0, 'k_num': 2, 'squared_sigma': 8, 'm': 1391}",70.41,100.00,82.63,69,0.00,0.00,0.00,29,49.57,70.41,58.18,98
0,70.41,35.20,50.00,41.32,98,"{'activity_id': 6, 'test_envs': 0, 'k_num': 2, 'squared_sigma': 8, 'm': 1396}",70.41,100.00,82.63,69,0.00,0.00,0.00,29,49.57,70.41,58.18,98
0,70.41,35.20,50.00,41.32,98,"{'activity_id': 6, 'test_envs': 0, 'k_num': 2, 'squared_sigma': 8, 'm': 1401}",70.41,100.00,82.63,69,0.00,0.00,0.00,29,49.57,70.41,58.18,98
0,70.41,35.20,50.00,41.32,98,"{'activity_id': 6, 'test_envs': 0, 'k_num': 2, 'squared_sigma': 8, 'm': 1406}",70.41,100.00,82.63,69,0.00,0.00,0.00,29,49.57,70.41,58.18,98
0,70.41,35.20,50.00,41.32,98,"{'activity_id': 6, 'test_envs': 0, 'k_num': 2, 'squared_sigma': 8, 'm': 1411}",70.41,100.00,82.63,69,0.00,0.00,0.00,29,49.57,70.41,58.18,98
0,70.41,35.20,50.00,41.32,98,"{'activity_id': 6, 'test_envs': 0, 'k_num': 2, 'squared_sigma': 8, 'm': 1416}",70.41,100.00,82.63,69,0.00,0.00,0.00,29,49.57,70.41,58.18,98
0,70.41,35.20,50.00,41.32,98,"{'activity_id': 6, 'test_envs': 0, 'k_num': 2, 'squared_sigma': 8, 'm': 1421}",70.41,100.00,82.63,69,0.00,0.00,0.00,29,49.57,70.41,58.18,98
0,70.41,35.20,50.00,41.32,98,"{'activity_id': 6, 'test_envs': 0, 'k_num': 2, 'squared_sigma': 8, 'm': 1426}",70.41,100.00,82.63,69,0.00,0.00,0.00,29,49.57,70.41,58.18,98
0,70.41,35.20,50.00,41.32,98,"{'activity_id': 6, 'test_envs': 0, 'k_num': 2, 'squared_sigma': 8, 'm': 1431}",70.41,100.00,82.63,69,0.00,0.00,0.00,29,49.57,70.41,58.18,98
0,70.41,35.20,50.00,41.32,98,"{'activity_id': 6, 'test_envs': 0, 'k_num': 2, 'squared_sigma': 8, 'm': 1436}",70.41,100.00,82.63,69,0.00,0.00,0.00,29,49.57,70.41,58.18,98
0,70.41,35.20,50.00,41.32,98,"{'activity_id': 6, 'test_envs': 0, 'k_num': 2, 'squared_sigma': 8, 'm': 1441}",70.41,100.00,82.63,69,0.00,0.00,0.00,29,49.57,70.41,58.18,98
0,70.41,35.20,50.00,41.32,98,"{'activity_id': 6, 'test_envs': 0, 'k_num': 2, 'squared_sigma': 8, 'm': 1446}",70.41,100.00,82.63,69,0.00,0.00,0.00,29,49.57,70.41,58.18,98
0,70.41,35.20,50.00,41.32,98,"{'activity_id': 6, 'test_envs': 0, 'k_num': 2, 'squared_sigma': 8, 'm': 1451}",70.41,100.00,82.63,69,0.00,0.00,0.00,29,49.57,70.41,58.18,98
0,70.41,35.20,50.00,41.32,98,"{'activity_id': 6, 'test_envs': 0, 'k_num': 2, 'squared_sigma': 8, 'm': 1456}",70.41,100.00,82.63,69,0.00,0.00,0.00,29,49.57,70.41,58.18,98
0,70.41,35.20,50.00,41.32,98,"{'activity_id': 6, 'test_envs': 0, 'k_num': 2, 'squared_sigma': 8, 'm': 1461}",70.41,100.00,82.63,69,0.00,0.00,0.00,29,49.57,70.41,58.18,98
0,70.41,35.20,50.00,41.32,98,"{'activity_id': 6, 'test_envs': 0, 'k_num': 2, 'squared_sigma': 8, 'm': 1466}",70.41,100.00,82.63,69,0.00,0.00,0.00,29,49.57,70.41,58.18,98
0,70.41,35.20,50.00,41.32,98,"{'activity_id': 6, 'test_envs': 0, 'k_num': 2, 'squared_sigma': 8, 'm': 1471}",70.41,100.00,82.63,69,0.00,0.00,0.00,29,49.57,70.41,58.18,98
0,70.41,35.20,50.00,41.32,98,"{'activity_id': 6, 'test_envs': 0, 'k_num': 2, 'squared_sigma': 8, 'm': 1476}",70.41,100.00,82.63,69,0.00,0.00,0.00,29,49.57,70.41,58.18,98
0,70.41,35.20,50.00,41.32,98,"{'activity_id': 6, 'test_envs': 0, 'k_num': 2, 'squared_sigma': 8, 'm': 1481}",70.41,100.00,82.63,69,0.00,0.00,0.00,29,49.57,70.41,58.18,98
0,70.41,35.20,50.00,41.32,98,"{'activity_id': 6, 'test_envs': 0, 'k_num': 2, 'squared_sigma': 8, 'm': 1486}",70.41,100.00,82.63,69,0.00,0.00,0.00,29,49.57,70.41,58.18,98
0,70.41,35.20,50.00,41.32,98,"{'activity_id': 6, 'test_envs': 0, 'k_num': 2, 'squared_sigma': 8, 'm': 1491}",70.41,100.00,82.63,69,0.00,0.00,0.00,29,49.57,70.41,58.18,98
0,70.41,35.20,50.00,41.32,98,"{'activity_id': 6, 'test_envs': 0, 'k_num': 2, 'squared_sigma': 8, 'm': 1496}",70.41,100.00,82.63,69,0.00,0.00,0.00,29,49.57,70.41,58.18,98
0,70.41,35.20,50.00,41.32,98,"{'activity_id': 6, 'test_envs': 0, 'k_num': 3, 'squared_sigma': 8, 'm': 1386}",70.41,100.00,82.63,69,0.00,0.00,0.00,29,49.57,70.41,58.18,98
0,70.41,35.20,50.00,41.32,98,"{'activity_id': 6, 'test_envs': 0, 'k_num': 3, 'squared_sigma': 8, 'm': 1391}",70.41,100.00,82.63,69,0.00,0.00,0.00,29,49.57,70.41,58.18,98
0,70.41,35.20,50.00,41.32,98,"{'activity_id': 6, 'test_envs': 0, 'k_num': 3, 'squared_sigma': 8, 'm': 1396}",70.41,100.00,82.63,69,0.00,0.00,0.00,29,49.57,70.41,58.18,98
0,70.41,35.20,50.00,41.32,98,"{'activity_id': 6, 'test_envs': 0, 'k_num': 3, 'squared_sigma': 8, 'm': 1401}",70.41,100.00,82.63,69,0.00,0.00,0.00,29,49.57,70.41,58.18,98
0,70.41,35.20,50.00,41.32,98,"{'activity_id': 6, 'test_envs': 0, 'k_num': 3, 'squared_sigma': 8, 'm': 1406}",70.41,100.00,82.63,69,0.00,0.00,0.00,29,49.57,70.41,58.18,98
0,70.41,35.20,50.00,41.32,98,"{'activity_id': 6, 'test_envs': 0, 'k_num': 3, 'squared_sigma': 8, 'm': 1411}",70.41,100.00,82.63,69,0.00,0.00,0.00,29,49.57,70.41,58.18,98
0,70.41,35.20,50.00,41.32,98,"{'activity_id': 6, 'test_envs': 0, 'k_num': 3, 'squared_sigma': 8, 'm': 1416}",70.41,100.00,82.63,69,0.00,0.00,0.00,29,49.57,70.41,58.18,98
0,70.41,35.20,50.00,41.32,98,"{'activity_id': 6, 'test_envs': 0, 'k_num': 3, 'squared_sigma': 8, 'm': 1421}",70.41,100.00,82.63,69,0.00,0.00,0.00,29,49.57,70.41,58.18,98
0,70.41,35.20,50.00,41.32,98,"{'activity_id': 6, 'test_envs': 0, 'k_num': 3, 'squared_sigma': 8, 'm': 1426}",70.41,100.00,82.63,69,0.00,0.00,0.00,29,49.57,70.41,58.18,98
0,70.41,35.20,50.00,41.32,98,"{'activity_id': 6, 'test_envs': 0, 'k_num': 3, 'squared_sigma': 8, 'm': 1431}",70.41,100.00,82.63,69,0.00,0.00,0.00,29,49.57,70.41,58.18,98
0,70.41,35.20,50.00,41.32,98,"{'activity_id': 6, 'test_envs': 0, 'k_num': 3, 'squared_sigma': 8, 'm': 1436}",70.41,100.00,82.63,69,0.00,0.00,0.00,29,49.57,70.41,58.18,98
0,70.41,35.20,50.00,41.32,98,"{'activity_id': 6, 'test_envs': 0, 'k_num': 3, 'squared_sigma': 8, 'm': 1441}",70.41,100.00,82.63,69,0.00,0.00,0.00,29,49.57,70.41,58.18,98
0,70.41,35.20,50.00,41.32,98,"{'activity_id': 6, 'test_envs': 0, 'k_num': 3, 'squared_sigma': 8, 'm': 1446}",70.41,100.00,82.63,69,0.00,0.00,0.00,29,49.57,70.41,58.18,98
0,70.41,35.20,50.00,41.32,98,"{'activity_id': 6, 'test_envs': 0, 'k_num': 3, 'squared_sigma': 8, 'm': 1451}",70.41,100.00,82.63,69,0.00,0.00,0.00,29,49.57,70.41,58.18,98
0,70.41,35.20,50.00,41.32,98,"{'activity_id': 6, 'test_envs': 0, 'k_num': 3, 'squared_sigma': 8, 'm': 1456}",70.41,100.00,82.63,69,0.00,0.00,0.00,29,49.57,70.41,58.18,98
0,70.41,35.20,50.00,41.32,98,"{'activity_id': 6, 'test_envs': 0, 'k_num': 3, 'squared_sigma': 8, 'm': 1461}",70.41,100.00,82.63,69,0.00,0.00,0.00,29,49.57,70.41,58.18,98
0,70.41,35.20,50.00,41.32,98,"{'activity_id': 6, 'test_envs': 0, 'k_num': 3, 'squared_sigma': 8, 'm': 1466}",70.41,100.00,82.63,69,0.00,0.00,0.00,29,49.57,70.41,58.18,98
0,70.41,35.20,50.00,41.32,98,"{'activity_id': 6, 'test_envs': 0, 'k_num': 3, 'squared_sigma': 8, 'm': 1471}",70.41,100.00,82.63,69,0.00,0.00,0.00,29,49.57,70.41,58.18,98
0,70.41,35.20,50.00,41.32,98,"{'activity_id': 6, 'test_envs': 0, 'k_num': 3, 'squared_sigma': 8, 'm': 1476}",70.41,100.00,82.63,69,0.00,0.00,0.00,29,49.57,70.41,58.18,98
0,70.41,35.20,50.00,41.32,98,"{'activity_id': 6, 'test_envs': 0, 'k_num': 3, 'squared_sigma': 8, 'm': 1481}",70.41,100.00,82.63,69,0.00,0.00,0.00,29,49.57,70.41,58.18,98
0,70.41,35.20,50.00,41.32,98,"{'activity_id': 6, 'test_envs': 0, 'k_num': 3, 'squared_sigma': 8, 'm': 1486}",70.41,100.00,82.63,69,0.00,0.00,0.00,29,49.57,70.41,58.18,98
0,70.41,35.20,50.00,41.32,98,"{'activity_id': 6, 'test_envs': 0, 'k_num': 3, 'squared_sigma': 8, 'm': 1491}",70.41,100.00,82.63,69,0.00,0.00,0.00,29,49.57,70.41,58.18,98
0,70.41,35.20,50.00,41.32,98,"{'activity_id': 6, 'test_envs': 0, 'k_num': 3, 'squared_sigma': 8, 'm': 1496}",70.41,100.00,82.63,69,0.00,0.00,0.00,29,49.57,70.41,58.18,98
0,70.41,60.42,51.00,44.44,98,"{'activity_id': 6, 'test_envs': 0, 'k_num': 4, 'squared_sigma': 8, 'm': 156}",70.83,98.55,82.42,69,50.00,3.45,6.45,29,64.67,70.41,59.94,98
0,70.41,60.42,51.00,44.44,98,"{'activity_id': 6, 'test_envs': 0, 'k_num': 4, 'squared_sigma': 8, 'm': 161}",70.83,98.55,82.42,69,50.00,3.45,6.45,29,64.67,70.41,59.94,98
0,70.41,60.42,51.00,44.44,98,"{'activity_id': 6, 'test_envs': 0, 'k_num': 4, 'squared_sigma': 8, 'm': 166}",70.83,98.55,82.42,69,50.00,3.45,6.45,29,64.67,70.41,59.94,98
0,70.41,60.42,51.00,44.44,98,"{'activity_id': 6, 'test_envs': 0, 'k_num': 4, 'squared_sigma': 8, 'm': 171}",70.83,98.55,82.42,69,50.00,3.45,6.45,29,64.67,70.41,59.94,98
0,70.41,60.42,51.00,44.44,98,"{'activity_id': 6, 'test_envs': 0, 'k_num': 4, 'squared_sigma': 8, 'm': 176}",70.83,98.55,82.42,69,50.00,3.45,6.45,29,64.67,70.41,59.94,98
0,70.41,60.42,51.00,44.44,98,"{'activity_id': 6, 'test_envs': 0, 'k_num': 4, 'squared_sigma': 8, 'm': 181}",70.83,98.55,82.42,69,50.00,3.45,6.45,29,64.67,70.41,59.94,98
0,70.41,60.42,51.00,44.44,98,"{'activity_id': 6, 'test_envs': 0, 'k_num': 4, 'squared_sigma': 8, 'm': 186}",70.83,98.55,82.42,69,50.00,3.45,6.45,29,64.67,70.41,59.94,98
0,70.41,60.42,51.00,44.44,98,"{'activity_id': 6, 'test_envs': 0, 'k_num': 4, 'squared_sigma': 8, 'm': 191}",70.83,98.55,82.42,69,50.00,3.45,6.45,29,64.67,70.41,59.94,98
0,70.41,60.42,51.00,44.44,98,"{'activity_id': 6, 'test_envs': 0, 'k_num': 4, 'squared_sigma': 8, 'm': 196}",70.83,98.55,82.42,69,50.00,3.45,6.45,29,64.67,70.41,59.94,98
0,70.41,60.42,51.00,44.44,98,"{'activity_id': 6, 'test_envs': 0, 'k_num': 4, 'squared_sigma': 8, 'm': 201}",70.83,98.55,82.42,69,50.00,3.45,6.45,29,64.67,70.41,59.94,98
0,70.41,60.42,51.00,44.44,98,"{'activity_id': 6, 'test_envs': 0, 'k_num': 4, 'squared_sigma': 8, 'm': 206}",70.83,98.55,82.42,69,50.00,3.45,6.45,29,64.67,70.41,59.94,98
0,71.43,69.12,52.72,47.71,98,"{'activity_id': 6, 'test_envs': 0, 'k_num': 4, 'squared_sigma': 8, 'm': 211}",71.58,98.55,82.93,69,66.67,6.90,12.50,29,70.13,71.43,62.09,98
0,71.43,85.57,51.72,44.90,98,"{'activity_id': 6, 'test_envs': 0, 'k_num': 4, 'squared_sigma': 8, 'm': 851}",71.13,100.00,83.13,69,100.00,3.45,6.67,29,79.68,71.43,60.50,98
0,71.43,85.57,51.72,44.90,98,"{'activity_id': 6, 'test_envs': 0, 'k_num': 4, 'squared_sigma': 8, 'm': 856}",71.13,100.00,83.13,69,100.00,3.45,6.67,29,79.68,71.43,60.50,98
0,71.43,85.57,51.72,44.90,98,"{'activity_id': 6, 'test_envs': 0, 'k_num': 4, 'squared_sigma': 8, 'm': 861}",71.13,100.00,83.13,69,100.00,3.45,6.67,29,79.68,71.43,60.50,98
0,71.43,85.57,51.72,44.90,98,"{'activity_id': 6, 'test_envs': 0, 'k_num': 5, 'squared_sigma': 8, 'm': 311}",71.13,100.00,83.13,69,100.00,3.45,6.67,29,79.68,71.43,60.50,98
0,71.43,85.57,51.72,44.90,98,"{'activity_id': 6, 'test_envs': 0, 'k_num': 6, 'squared_sigma': 8, 'm': 311}",71.13,100.00,83.13,69,100.00,3.45,6.67,29,79.68,71.43,60.50,98
0,71.43,69.12,52.72,47.71,98,"{'activity_id': 6, 'test_envs': 0, 'k_num': 6, 'squared_sigma': 8, 'm': 356}",71.58,98.55,82.93,69,66.67,6.90,12.50,29,70.13,71.43,62.09,98
0,71.43,69.12,52.72,47.71,98,"{'activity_id': 6, 'test_envs': 0, 'k_num': 6, 'squared_sigma': 8, 'm': 361}",71.58,98.55,82.93,69,66.67,6.90,12.50,29,70.13,71.43,62.09,98
0,71.43,69.12,52.72,47.71,98,"{'activity_id': 6, 'test_envs': 0, 'k_num': 6, 'squared_sigma': 8, 'm': 366}",71.58,98.55,82.93,69,66.67,6.90,12.50,29,70.13,71.43,62.09,98
0,71.43,69.12,52.72,47.71,98,"{'activity_id': 6, 'test_envs': 0, 'k_num': 6, 'squared_sigma': 8, 'm': 371}",71.58,98.55,82.93,69,66.67,6.90,12.50,29,70.13,71.43,62.09,98
0,71.43,69.12,52.72,47.71,98,"{'activity_id': 6, 'test_envs': 0, 'k_num': 7, 'squared_sigma': 8, 'm': 111}",71.58,98.55,82.93,69,66.67,6.90,12.50,29,70.13,71.43,62.09,98
0,71.43,85.57,51.72,44.90,98,"{'activity_id': 6, 'test_envs': 0, 'k_num': 7, 'squared_sigma': 8, 'm': 316}",71.13,100.00,83.13,69,100.00,3.45,6.67,29,79.68,71.43,60.50,98
0,71.43,85.57,51.72,44.90,98,"{'activity_id': 6, 'test_envs': 0, 'k_num': 7, 'squared_sigma': 8, 'm': 321}",71.13,100.00,83.13,69,100.00,3.45,6.67,29,79.68,71.43,60.50,98
0,71.43,85.57,51.72,44.90,98,"{'activity_id': 6, 'test_envs': 0, 'k_num': 7, 'squared_sigma': 8, 'm': 326}",71.13,100.00,83.13,69,100.00,3.45,6.67,29,79.68,71.43,60.50,98
0,71.43,85.57,51.72,44.90,98,"{'activity_id': 6, 'test_envs': 0, 'k_num': 7, 'squared_sigma': 8, 'm': 331}",71.13,100.00,83.13,69,100.00,3.45,6.67,29,79.68,71.43,60.50,98
0,71.43,85.57,51.72,44.90,98,"{'activity_id': 6, 'test_envs': 0, 'k_num': 7, 'squared_sigma': 8, 'm': 336}",71.13,100.00,83.13,69,100.00,3.45,6.67,29,79.68,71.43,60.50,98
0,71.43,66.02,53.72,50.18,98,"{'activity_id': 6, 'test_envs': 0, 'k_num': 7, 'squared_sigma': 8, 'm': 341}",72.04,97.10,82.72,69,60.00,10.34,17.65,29,68.48,71.43,63.46,98
0,71.43,66.02,53.72,50.18,98,"{'activity_id': 6, 'test_envs': 0, 'k_num': 7, 'squared_sigma': 8, 'm': 346}",72.04,97.10,82.72,69,60.00,10.34,17.65,29,68.48,71.43,63.46,98
0,71.43,66.02,53.72,50.18,98,"{'activity_id': 6, 'test_envs': 0, 'k_num': 7, 'squared_sigma': 8, 'm': 351}",72.04,97.10,82.72,69,60.00,10.34,17.65,29,68.48,71.43,63.46,98
0,72.45,85.94,53.45,48.27,98,"{'activity_id': 6, 'test_envs': 0, 'k_num': 7, 'squared_sigma': 8, 'm': 356}",71.88,100.00,83.64,69,100.00,6.90,12.90,29,80.20,72.45,62.71,98
0,72.45,85.94,53.45,48.27,98,"{'activity_id': 6, 'test_envs': 0, 'k_num': 7, 'squared_sigma': 8, 'm': 361}",71.88,100.00,83.64,69,100.00,6.90,12.90,29,80.20,72.45,62.71,98
0,72.45,85.94,53.45,48.27,98,"{'activity_id': 6, 'test_envs': 0, 'k_num': 7, 'squared_sigma': 8, 'm': 366}",71.88,100.00,83.64,69,100.00,6.90,12.90,29,80.20,72.45,62.71,98
0,72.45,85.94,53.45,48.27,98,"{'activity_id': 6, 'test_envs': 0, 'k_num': 7, 'squared_sigma': 8, 'm': 371}",71.88,100.00,83.64,69,100.00,6.90,12.90,29,80.20,72.45,62.71,98
0,72.45,66.09,63.44,64.22,98,"{'activity_id': 6, 'test_envs': 0, 'k_num': 1, 'squared_sigma': 80, 'm': 16}",77.63,85.51,81.38,69,54.55,41.38,47.06,29,70.80,72.45,71.22,98
0,73.47,68.42,60.17,60.61,98,"{'activity_id': 6, 'test_envs': 0, 'k_num': 3, 'squared_sigma': 80, 'm': 16}",75.29,92.75,83.12,69,61.54,27.59,38.10,29,71.22,73.47,69.79,98
0,73.47,68.42,60.17,60.61,98,"{'activity_id': 6, 'test_envs': 0, 'k_num': 3, 'squared_sigma': 80, 'm': 21}",75.29,92.75,83.12,69,61.54,27.59,38.10,29,71.22,73.47,69.79,98
0,74.49,71.12,60.89,61.45,98,"{'activity_id': 6, 'test_envs': 0, 'k_num': 3, 'squared_sigma': 80, 'm': 26}",75.58,94.20,83.87,69,66.67,27.59,39.02,29,72.94,74.49,70.60,98
0,74.49,69.31,63.89,65.01,98,"{'activity_id': 6, 'test_envs': 0, 'k_num': 3, 'squared_sigma': 80, 'm': 46}",77.50,89.86,83.22,69,61.11,37.93,46.81,29,72.65,74.49,72.45,98
0,74.49,74.72,58.90,58.35,98,"{'activity_id': 6, 'test_envs': 0, 'k_num': 5, 'squared_sigma': 80, 'm': 26}",74.44,97.10,84.28,69,75.00,20.69,32.43,29,74.61,74.49,68.94,98
0,74.49,72.50,59.90,59.99,98,"{'activity_id': 6, 'test_envs': 0, 'k_num': 6, 'squared_sigma': 80, 'm': 16}",75.00,95.65,84.08,69,70.00,24.14,35.90,29,73.52,74.49,69.82,98
0,74.49,78.62,57.90,56.52,98,"{'activity_id': 6, 'test_envs': 0, 'k_num': 8, 'squared_sigma': 80, 'm': 16}",73.91,98.55,84.47,69,83.33,17.24,28.57,29,76.70,74.49,67.93,98
0,74.49,72.50,59.90,59.99,98,"{'activity_id': 6, 'test_envs': 0, 'k_num': 10, 'squared_sigma': 80, 'm': 46}",75.00,95.65,84.08,69,70.00,24.14,35.90,29,73.52,74.49,69.82,98
0,74.49,71.12,60.89,61.45,98,"{'activity_id': 6, 'test_envs': 0, 'k_num': 11, 'squared_sigma': 80, 'm': 46}",75.58,94.20,83.87,69,66.67,27.59,39.02,29,72.94,74.49,70.60,98
0,75.51,80.22,59.62,59.17,98,"{'activity_id': 6, 'test_envs': 0, 'k_num': 4, 'squared_sigma': 800000000000, 'm': 1271}",74.73,98.55,85.00,69,85.71,20.69,33.33,29,77.98,75.51,69.71,98
0,75.51,74.29,61.62,62.31,98,"{'activity_id': 6, 'test_envs': 0, 'k_num': 4, 'squared_sigma': 800000000000, 'm': 1316}",75.86,95.65,84.62,69,72.73,27.59,40.00,29,74.93,75.51,71.41,98
0,75.51,76.53,60.62,60.83,98,"{'activity_id': 6, 'test_envs': 0, 'k_num': 5, 'squared_sigma': 800000000000, 'm': 1271}",75.28,97.10,84.81,69,77.78,24.14,36.84,29,76.02,75.51,70.62,98
0,75.51,80.22,59.62,59.17,98,"{'activity_id': 6, 'test_envs': 0, 'k_num': 5, 'squared_sigma': 800000000000, 'm': 1276}",74.73,98.55,85.00,69,85.71,20.69,33.33,29,77.98,75.51,69.71,98
0,76.53,78.07,62.34,63.19,98,"{'activity_id': 6, 'test_envs': 0, 'k_num': 5, 'squared_sigma': 800000000000, 'm': 1291}",76.14,97.10,85.35,69,80.00,27.59,41.03,29,77.28,76.53,72.23,98
0,76.53,81.53,61.34,61.69,98,"{'activity_id': 6, 'test_envs': 0, 'k_num': 7, 'squared_sigma': 800000000000, 'm': 1291}",75.56,98.55,85.53,69,87.50,24.14,37.84,29,79.09,76.53,71.42,98
0,76.53,75.87,63.34,64.53,98,"{'activity_id': 6, 'test_envs': 0, 'k_num': 13, 'squared_sigma': 8000000000000, 'm': 1456}",76.74,95.65,85.16,69,75.00,31.03,43.90,29,76.23,76.53,72.95,98
0,76.53,74.40,64.34,65.74,98,"{'activity_id': 6, 'test_envs': 0, 'k_num': 5, 'squared_sigma': 80000000000000, 'm': 1481}",77.38,94.20,84.97,69,71.43,34.48,46.51,29,75.62,76.53,73.59,98
0,76.53,75.87,63.34,64.53,98,"{'activity_id': 6, 'test_envs': 0, 'k_num': 6, 'squared_sigma': 80000000000000, 'm': 1456}",76.74,95.65,85.16,69,75.00,31.03,43.90,29,76.23,76.53,72.95,98
0,77.55,77.29,65.07,66.67,98,"{'activity_id': 6, 'test_envs': 0, 'k_num': 6, 'squared_sigma': 80000000000000, 'm': 1481}",77.65,95.65,85.71,69,76.92,34.48,47.62,29,77.43,77.55,74.44,98
0,78.57,83.64,64.79,66.39,98,"{'activity_id': 6, 'test_envs': 0, 'k_num': 5, 'squared_sigma': 800000000000000, 'm': 311}",77.27,98.55,86.62,69,90.00,31.03,46.15,29,81.04,78.57,74.65,98
0,77.55,75.82,66.07,67.76,98,"{'activity_id': 6, 'test_envs': 0, 'k_num': 7, 'squared_sigma': 8000000000000000, 'm': 1446}",78.31,94.20,85.53,69,73.33,37.93,50.00,29,76.84,77.55,75.01,98
1,70.41,35.20,50.00,41.32,98,"{'activity_id': 6, 'test_envs': 1, 'k_num': 1, 'squared_sigma': 8, 'm': 1}",70.41,100.00,82.63,69,0.00,0.00,0.00,29,49.57,70.41,58.18,98
1,70.41,35.20,50.00,41.32,98,"{'activity_id': 6, 'test_envs': 1, 'k_num': 1, 'squared_sigma': 8, 'm': 6}",70.41,100.00,82.63,69,0.00,0.00,0.00,29,49.57,70.41,58.18,98
1,70.41,35.20,50.00,41.32,98,"{'activity_id': 6, 'test_envs': 1, 'k_num': 1, 'squared_sigma': 8, 'm': 11}",70.41,100.00,82.63,69,0.00,0.00,0.00,29,49.57,70.41,58.18,98
1,64.29,40.69,46.65,41.70,98,"{'activity_id': 6, 'test_envs': 1, 'k_num': 1, 'squared_sigma': 8, 'm': 76}",68.89,89.86,77.99,69,12.50,3.45,5.41,29,52.20,64.29,56.51,98
1,64.29,44.66,47.65,43.98,98,"{'activity_id': 6, 'test_envs': 1, 'k_num': 1, 'squared_sigma': 8, 'm': 81}",69.32,88.41,77.71,69,20.00,6.90,10.26,29,54.72,64.29,57.75,98
1,64.29,44.66,47.65,43.98,98,"{'activity_id': 6, 'test_envs': 1, 'k_num': 1, 'squared_sigma': 8, 'm': 86}",69.32,88.41,77.71,69,20.00,6.90,10.26,29,54.72,64.29,57.75,98
1,64.29,44.66,47.65,43.98,98,"{'activity_id': 6, 'test_envs': 1, 'k_num': 1, 'squared_sigma': 8, 'm': 91}",69.32,88.41,77.71,69,20.00,6.90,10.26,29,54.72,64.29,57.75,98
1,64.29,44.66,47.65,43.98,98,"{'activity_id': 6, 'test_envs': 1, 'k_num': 1, 'squared_sigma': 8, 'm': 96}",69.32,88.41,77.71,69,20.00,6.90,10.26,29,54.72,64.29,57.75,98
1,64.29,44.66,47.65,43.98,98,"{'activity_id': 6, 'test_envs': 1, 'k_num': 1, 'squared_sigma': 8, 'm': 101}",69.32,88.41,77.71,69,20.00,6.90,10.26,29,54.72,64.29,57.75,98
1,64.29,44.66,47.65,43.98,98,"{'activity_id': 6, 'test_envs': 1, 'k_num': 1, 'squared_sigma': 8, 'm': 106}",69.32,88.41,77.71,69,20.00,6.90,10.26,29,54.72,64.29,57.75,98
1,64.29,44.66,47.65,43.98,98,"{'activity_id': 6, 'test_envs': 1, 'k_num': 1, 'squared_sigma': 8, 'm': 111}",69.32,88.41,77.71,69,20.00,6.90,10.26,29,54.72,64.29,57.75,98
1,64.29,44.66,47.65,43.98,98,"{'activity_id': 6, 'test_envs': 1, 'k_num': 1, 'squared_sigma': 8, 'm': 116}",69.32,88.41,77.71,69,20.00,6.90,10.26,29,54.72,64.29,57.75,98
1,64.29,44.66,47.65,43.98,98,"{'activity_id': 6, 'test_envs': 1, 'k_num': 1, 'squared_sigma': 8, 'm': 121}",69.32,88.41,77.71,69,20.00,6.90,10.26,29,54.72,64.29,57.75,98
1,64.29,44.66,47.65,43.98,98,"{'activity_id': 6, 'test_envs': 1, 'k_num': 1, 'squared_sigma': 8, 'm': 126}",69.32,88.41,77.71,69,20.00,6.90,10.26,29,54.72,64.29,57.75,98
1,64.29,44.66,47.65,43.98,98,"{'activity_id': 6, 'test_envs': 1, 'k_num': 1, 'squared_sigma': 8, 'm': 131}",69.32,88.41,77.71,69,20.00,6.90,10.26,29,54.72,64.29,57.75,98
1,66.33,50.23,50.10,47.18,98,"{'activity_id': 6, 'test_envs': 1, 'k_num': 1, 'squared_sigma': 8, 'm': 136}",70.45,89.86,78.98,69,30.00,10.34,15.38,29,58.48,66.33,60.16,98
1,67.35,56.14,53.82,53.11,98,"{'activity_id': 6, 'test_envs': 1, 'k_num': 1, 'squared_sigma': 8, 'm': 141}",72.29,86.96,78.95,69,40.00,20.69,27.27,29,62.73,67.35,63.66,98
1,70.41,61.11,54.00,51.69,98,"{'activity_id': 6, 'test_envs': 1, 'k_num': 1, 'squared_sigma': 8, 'm': 191}",72.22,94.20,81.76,69,50.00,13.79,21.62,29,65.65,70.41,63.96,98
1,70.41,60.87,53.00,49.57,98,"{'activity_id': 6, 'test_envs': 1, 'k_num': 1, 'squared_sigma': 8, 'm': 196}",71.74,95.65,81.99,69,50.00,10.34,17.14,29,65.31,70.41,62.80,98
1,70.41,60.87,53.00,49.57,98,"{'activity_id': 6, 'test_envs': 1, 'k_num': 1, 'squared_sigma': 8, 'm': 201}",71.74,95.65,81.99,69,50.00,10.34,17.14,29,65.31,70.41,62.80,98
1,70.41,60.87,53.00,49.57,98,"{'activity_id': 6, 'test_envs': 1, 'k_num': 1, 'squared_sigma': 8, 'm': 206}",71.74,95.65,81.99,69,50.00,10.34,17.14,29,65.31,70.41,62.80,98
1,70.41,60.87,53.00,49.57,98,"{'activity_id': 6, 'test_envs': 1, 'k_num': 1, 'squared_sigma': 8, 'm': 211}",71.74,95.65,81.99,69,50.00,10.34,17.14,29,65.31,70.41,62.80,98
1,70.41,60.87,53.00,49.57,98,"{'activity_id': 6, 'test_envs': 1, 'k_num': 1, 'squared_sigma': 8, 'm': 216}",71.74,95.65,81.99,69,50.00,10.34,17.14,29,65.31,70.41,62.80,98
1,70.41,60.87,53.00,49.57,98,"{'activity_id': 6, 'test_envs': 1, 'k_num': 1, 'squared_sigma': 8, 'm': 221}",71.74,95.65,81.99,69,50.00,10.34,17.14,29,65.31,70.41,62.80,98
1,70.41,60.87,53.00,49.57,98,"{'activity_id': 6, 'test_envs': 1, 'k_num': 1, 'squared_sigma': 8, 'm': 281}",71.74,95.65,81.99,69,50.00,10.34,17.14,29,65.31,70.41,62.80,98
1,70.41,60.87,53.00,49.57,98,"{'activity_id': 6, 'test_envs': 1, 'k_num': 1, 'squared_sigma': 8, 'm': 286}",71.74,95.65,81.99,69,50.00,10.34,17.14,29,65.31,70.41,62.80,98
1,71.43,64.29,55.72,54.30,98,"{'activity_id': 6, 'test_envs': 1, 'k_num': 1, 'squared_sigma': 8, 'm': 291}",73.03,94.20,82.28,69,55.56,17.24,26.32,29,67.86,71.43,65.72,98
1,73.47,72.53,57.17,55.76,98,"{'activity_id': 6, 'test_envs': 1, 'k_num': 1, 'squared_sigma': 8, 'm': 296}",73.63,97.10,83.75,69,71.43,17.24,27.78,29,72.98,73.47,67.19,98
1,73.47,72.53,57.17,55.76,98,"{'activity_id': 6, 'test_envs': 1, 'k_num': 1, 'squared_sigma': 8, 'm': 301}",73.63,97.10,83.75,69,71.43,17.24,27.78,29,72.98,73.47,67.19,98
1,73.47,72.53,57.17,55.76,98,"{'activity_id': 6, 'test_envs': 1, 'k_num': 1, 'squared_sigma': 8, 'm': 306}",73.63,97.10,83.75,69,71.43,17.24,27.78,29,72.98,73.47,67.19,98
1,73.47,72.53,57.17,55.76,98,"{'activity_id': 6, 'test_envs': 1, 'k_num': 1, 'squared_sigma': 8, 'm': 311}",73.63,97.10,83.75,69,71.43,17.24,27.78,29,72.98,73.47,67.19,98
1,73.47,76.56,56.17,53.74,98,"{'activity_id': 6, 'test_envs': 1, 'k_num': 1, 'squared_sigma': 8, 'm': 316}",73.12,98.55,83.95,69,80.00,13.79,23.53,29,75.15,73.47,66.07,98
1,73.47,76.56,56.17,53.74,98,"{'activity_id': 6, 'test_envs': 1, 'k_num': 1, 'squared_sigma': 8, 'm': 321}",73.12,98.55,83.95,69,80.00,13.79,23.53,29,75.15,73.47,66.07,98
1,73.47,76.56,56.17,53.74,98,"{'activity_id': 6, 'test_envs': 1, 'k_num': 1, 'squared_sigma': 8, 'm': 326}",73.12,98.55,83.95,69,80.00,13.79,23.53,29,75.15,73.47,66.07,98
1,73.47,76.56,56.17,53.74,98,"{'activity_id': 6, 'test_envs': 1, 'k_num': 1, 'squared_sigma': 8, 'm': 331}",73.12,98.55,83.95,69,80.00,13.79,23.53,29,75.15,73.47,66.07,98
1,73.47,76.56,56.17,53.74,98,"{'activity_id': 6, 'test_envs': 1, 'k_num': 1, 'squared_sigma': 8, 'm': 336}",73.12,98.55,83.95,69,80.00,13.79,23.53,29,75.15,73.47,66.07,98
1,73.47,76.56,56.17,53.74,98,"{'activity_id': 6, 'test_envs': 1, 'k_num': 1, 'squared_sigma': 8, 'm': 341}",73.12,98.55,83.95,69,80.00,13.79,23.53,29,75.15,73.47,66.07,98
1,73.47,76.56,56.17,53.74,98,"{'activity_id': 6, 'test_envs': 1, 'k_num': 1, 'squared_sigma': 8, 'm': 346}",73.12,98.55,83.95,69,80.00,13.79,23.53,29,75.15,73.47,66.07,98
1,73.47,76.56,56.17,53.74,98,"{'activity_id': 6, 'test_envs': 1, 'k_num': 1, 'squared_sigma': 8, 'm': 351}",73.12,98.55,83.95,69,80.00,13.79,23.53,29,75.15,73.47,66.07,98
1,73.47,76.56,56.17,53.74,98,"{'activity_id': 6, 'test_envs': 1, 'k_num': 1, 'squared_sigma': 8, 'm': 356}",73.12,98.55,83.95,69,80.00,13.79,23.53,29,75.15,73.47,66.07,98
1,73.47,76.56,56.17,53.74,98,"{'activity_id': 6, 'test_envs': 1, 'k_num': 1, 'squared_sigma': 8, 'm': 361}",73.12,98.55,83.95,69,80.00,13.79,23.53,29,75.15,73.47,66.07,98
1,73.47,76.56,56.17,53.74,98,"{'activity_id': 6, 'test_envs': 1, 'k_num': 1, 'squared_sigma': 8, 'm': 366}",73.12,98.55,83.95,69,80.00,13.79,23.53,29,75.15,73.47,66.07,98
1,73.47,76.56,56.17,53.74,98,"{'activity_id': 6, 'test_envs': 1, 'k_num': 1, 'squared_sigma': 8, 'm': 371}",73.12,98.55,83.95,69,80.00,13.79,23.53,29,75.15,73.47,66.07,98
1,73.47,76.56,56.17,53.74,98,"{'activity_id': 6, 'test_envs': 1, 'k_num': 1, 'squared_sigma': 8, 'm': 376}",73.12,98.55,83.95,69,80.00,13.79,23.53,29,75.15,73.47,66.07,98
1,73.47,76.56,56.17,53.74,98,"{'activity_id': 6, 'test_envs': 1, 'k_num': 1, 'squared_sigma': 8, 'm': 381}",73.12,98.55,83.95,69,80.00,13.79,23.53,29,75.15,73.47,66.07,98
1,73.47,72.53,57.17,55.76,98,"{'activity_id': 6, 'test_envs': 1, 'k_num': 2, 'squared_sigma': 8, 'm': 296}",73.63,97.10,83.75,69,71.43,17.24,27.78,29,72.98,73.47,67.19,98
1,73.47,72.53,57.17,55.76,98,"{'activity_id': 6, 'test_envs': 1, 'k_num': 2, 'squared_sigma': 8, 'm': 301}",73.63,97.10,83.75,69,71.43,17.24,27.78,29,72.98,73.47,67.19,98
1,73.47,72.53,57.17,55.76,98,"{'activity_id': 6, 'test_envs': 1, 'k_num': 2, 'squared_sigma': 8, 'm': 306}",73.63,97.10,83.75,69,71.43,17.24,27.78,29,72.98,73.47,67.19,98
1,73.47,72.53,57.17,55.76,98,"{'activity_id': 6, 'test_envs': 1, 'k_num': 2, 'squared_sigma': 8, 'm': 311}",73.63,97.10,83.75,69,71.43,17.24,27.78,29,72.98,73.47,67.19,98
1,73.47,76.56,56.17,53.74,98,"{'activity_id': 6, 'test_envs': 1, 'k_num': 2, 'squared_sigma': 8, 'm': 316}",73.12,98.55,83.95,69,80.00,13.79,23.53,29,75.15,73.47,66.07,98
1,73.47,76.56,56.17,53.74,98,"{'activity_id': 6, 'test_envs': 1, 'k_num': 2, 'squared_sigma': 8, 'm': 321}",73.12,98.55,83.95,69,80.00,13.79,23.53,29,75.15,73.47,66.07,98
1,73.47,76.56,56.17,53.74,98,"{'activity_id': 6, 'test_envs': 1, 'k_num': 2, 'squared_sigma': 8, 'm': 326}",73.12,98.55,83.95,69,80.00,13.79,23.53,29,75.15,73.47,66.07,98
1,73.47,76.56,56.17,53.74,98,"{'activity_id': 6, 'test_envs': 1, 'k_num': 2, 'squared_sigma': 8, 'm': 331}",73.12,98.55,83.95,69,80.00,13.79,23.53,29,75.15,73.47,66.07,98
1,73.47,76.56,56.17,53.74,98,"{'activity_id': 6, 'test_envs': 1, 'k_num': 2, 'squared_sigma': 8, 'm': 336}",73.12,98.55,83.95,69,80.00,13.79,23.53,29,75.15,73.47,66.07,98
1,73.47,76.56,56.17,53.74,98,"{'activity_id': 6, 'test_envs': 1, 'k_num': 2, 'squared_sigma': 8, 'm': 341}",73.12,98.55,83.95,69,80.00,13.79,23.53,29,75.15,73.47,66.07,98
1,73.47,76.56,56.17,53.74,98,"{'activity_id': 6, 'test_envs': 1, 'k_num': 2, 'squared_sigma': 8, 'm': 346}",73.12,98.55,83.95,69,80.00,13.79,23.53,29,75.15,73.47,66.07,98
1,73.47,76.56,56.17,53.74,98,"{'activity_id': 6, 'test_envs': 1, 'k_num': 2, 'squared_sigma': 8, 'm': 351}",73.12,98.55,83.95,69,80.00,13.79,23.53,29,75.15,73.47,66.07,98
1,73.47,76.56,56.17,53.74,98,"{'activity_id': 6, 'test_envs': 1, 'k_num': 2, 'squared_sigma': 8, 'm': 356}",73.12,98.55,83.95,69,80.00,13.79,23.53,29,75.15,73.47,66.07,98
1,73.47,76.56,56.17,53.74,98,"{'activity_id': 6, 'test_envs': 1, 'k_num': 2, 'squared_sigma': 8, 'm': 361}",73.12,98.55,83.95,69,80.00,13.79,23.53,29,75.15,73.47,66.07,98
1,73.47,76.56,56.17,53.74,98,"{'activity_id': 6, 'test_envs': 1, 'k_num': 2, 'squared_sigma': 8, 'm': 366}",73.12,98.55,83.95,69,80.00,13.79,23.53,29,75.15,73.47,66.07,98
1,73.47,76.56,56.17,53.74,98,"{'activity_id': 6, 'test_envs': 1, 'k_num': 2, 'squared_sigma': 8, 'm': 371}",73.12,98.55,83.95,69,80.00,13.79,23.53,29,75.15,73.47,66.07,98
1,73.47,76.56,56.17,53.74,98,"{'activity_id': 6, 'test_envs': 1, 'k_num': 2, 'squared_sigma': 8, 'm': 376}",73.12,98.55,83.95,69,80.00,13.79,23.53,29,75.15,73.47,66.07,98
1,73.47,76.56,56.17,53.74,98,"{'activity_id': 6, 'test_envs': 1, 'k_num': 2, 'squared_sigma': 8, 'm': 381}",73.12,98.55,83.95,69,80.00,13.79,23.53,29,75.15,73.47,66.07,98
1,73.47,86.32,55.17,51.45,98,"{'activity_id': 6, 'test_envs': 1, 'k_num': 4, 'squared_sigma': 8, 'm': 256}",72.63,100.00,84.15,69,100.00,10.34,18.75,29,80.73,73.47,64.79,98
1,73.47,86.32,55.17,51.45,98,"{'activity_id': 6, 'test_envs': 1, 'k_num': 4, 'squared_sigma': 8, 'm': 261}",72.63,100.00,84.15,69,100.00,10.34,18.75,29,80.73,73.47,64.79,98
1,73.47,86.32,55.17,51.45,98,"{'activity_id': 6, 'test_envs': 1, 'k_num': 4, 'squared_sigma': 8, 'm': 266}",72.63,100.00,84.15,69,100.00,10.34,18.75,29,80.73,73.47,64.79,98
1,73.47,86.32,55.17,51.45,98,"{'activity_id': 6, 'test_envs': 1, 'k_num': 4, 'squared_sigma': 8, 'm': 271}",72.63,100.00,84.15,69,100.00,10.34,18.75,29,80.73,73.47,64.79,98
1,73.47,86.32,55.17,51.45,98,"{'activity_id': 6, 'test_envs': 1, 'k_num': 4, 'squared_sigma': 8, 'm': 276}",72.63,100.00,84.15,69,100.00,10.34,18.75,29,80.73,73.47,64.79,98
1,73.47,86.32,55.17,51.45,98,"{'activity_id': 6, 'test_envs': 1, 'k_num': 4, 'squared_sigma': 8, 'm': 281}",72.63,100.00,84.15,69,100.00,10.34,18.75,29,80.73,73.47,64.79,98
1,73.47,86.32,55.17,51.45,98,"{'activity_id': 6, 'test_envs': 1, 'k_num': 4, 'squared_sigma': 8, 'm': 286}",72.63,100.00,84.15,69,100.00,10.34,18.75,29,80.73,73.47,64.79,98
1,73.47,76.56,56.17,53.74,98,"{'activity_id': 6, 'test_envs': 1, 'k_num': 4, 'squared_sigma': 8, 'm': 296}",73.12,98.55,83.95,69,80.00,13.79,23.53,29,75.15,73.47,66.07,98
1,73.47,76.56,56.17,53.74,98,"{'activity_id': 6, 'test_envs': 1, 'k_num': 4, 'squared_sigma': 8, 'm': 301}",73.12,98.55,83.95,69,80.00,13.79,23.53,29,75.15,73.47,66.07,98
1,74.49,86.70,56.90,54.45,98,"{'activity_id': 6, 'test_envs': 1, 'k_num': 4, 'squared_sigma': 8, 'm': 306}",73.40,100.00,84.66,69,100.00,13.79,24.24,29,81.27,74.49,66.78,98
1,74.49,86.70,56.90,54.45,98,"{'activity_id': 6, 'test_envs': 1, 'k_num': 4, 'squared_sigma': 8, 'm': 311}",73.40,100.00,84.66,69,100.00,13.79,24.24,29,81.27,74.49,66.78,98
1,66.33,58.00,57.10,57.33,98,"{'activity_id': 6, 'test_envs': 1, 'k_num': 1, 'squared_sigma': 80, 'm': 26}",74.32,79.71,76.92,69,41.67,34.48,37.74,29,64.66,66.33,65.33,98
1,69.39,62.81,62.27,62.50,98,"{'activity_id': 6, 'test_envs': 1, 'k_num': 1, 'squared_sigma': 80, 'm': 31}",77.46,79.71,78.57,69,48.15,44.83,46.43,29,68.79,69.39,69.06,98
1,75.51,74.29,61.62,62.31,98,"{'activity_id': 6, 'test_envs': 1, 'k_num': 4, 'squared_sigma': 80, 'm': 156}",75.86,95.65,84.62,69,72.73,27.59,40.00,29,74.93,75.51,71.41,98
1,75.51,76.53,60.62,60.83,98,"{'activity_id': 6, 'test_envs': 1, 'k_num': 6, 'squared_sigma': 80, 'm': 196}",75.28,97.10,84.81,69,77.78,24.14,36.84,29,76.02,75.51,70.62,98
1,75.51,76.53,60.62,60.83,98,"{'activity_id': 6, 'test_envs': 1, 'k_num': 8, 'squared_sigma': 80, 'm': 111}",75.28,97.10,84.81,69,77.78,24.14,36.84,29,76.02,75.51,70.62,98
1,75.51,76.53,60.62,60.83,98,"{'activity_id': 6, 'test_envs': 1, 'k_num': 8, 'squared_sigma': 80, 'm': 151}",75.28,97.10,84.81,69,77.78,24.14,36.84,29,76.02,75.51,70.62,98
1,75.51,80.22,59.62,59.17,98,"{'activity_id': 6, 'test_envs': 1, 'k_num': 8, 'squared_sigma': 80, 'm': 166}",74.73,98.55,85.00,69,85.71,20.69,33.33,29,77.98,75.51,69.71,98
1,75.51,76.53,60.62,60.83,98,"{'activity_id': 6, 'test_envs': 1, 'k_num': 8, 'squared_sigma': 80, 'm': 196}",75.28,97.10,84.81,69,77.78,24.14,36.84,29,76.02,75.51,70.62,98
1,75.51,80.22,59.62,59.17,98,"{'activity_id': 6, 'test_envs': 1, 'k_num': 9, 'squared_sigma': 80, 'm': 121}",74.73,98.55,85.00,69,85.71,20.69,33.33,29,77.98,75.51,69.71,98
1,75.51,80.22,59.62,59.17,98,"{'activity_id': 6, 'test_envs': 1, 'k_num': 9, 'squared_sigma': 80, 'm': 126}",74.73,98.55,85.00,69,85.71,20.69,33.33,29,77.98,75.51,69.71,98
1,75.51,80.22,59.62,59.17,98,"{'activity_id': 6, 'test_envs': 1, 'k_num': 9, 'squared_sigma': 80, 'm': 131}",74.73,98.55,85.00,69,85.71,20.69,33.33,29,77.98,75.51,69.71,98
1,76.53,81.53,61.34,61.69,98,"{'activity_id': 6, 'test_envs': 1, 'k_num': 10, 'squared_sigma': 80, 'm': 91}",75.56,98.55,85.53,69,87.50,24.14,37.84,29,79.09,76.53,71.42,98
1,73.47,67.68,62.17,63.07,98,"{'activity_id': 6, 'test_envs': 1, 'k_num': 4, 'squared_sigma': 8000000, 'm': 21}",76.54,89.86,82.67,69,58.82,34.48,43.48,29,71.30,73.47,71.07,98
1,75.51,72.85,62.62,63.64,98,"{'activity_id': 6, 'test_envs': 1, 'k_num': 4, 'squared_sigma': 8000000, 'm': 36}",76.47,94.20,84.42,69,69.23,31.03,42.86,29,74.33,75.51,72.12,98
1,70.41,64.29,63.99,64.13,98,"{'activity_id': 6, 'test_envs': 1, 'k_num': 1, 'squared_sigma': 800000000000, 'm': 616}",78.57,79.71,79.14,69,50.00,48.28,49.12,29,70.12,70.41,70.26,98
1,72.45,67.11,67.44,67.26,98,"{'activity_id': 6, 'test_envs': 1, 'k_num': 1, 'squared_sigma': 800000000000, 'm': 621}",80.88,79.71,80.29,69,53.33,55.17,54.24,29,72.73,72.45,72.58,98
1,76.53,74.40,64.34,65.74,98,"{'activity_id': 6, 'test_envs': 1, 'k_num': 2, 'squared_sigma': 800000000000, 'm': 901}",77.38,94.20,84.97,69,71.43,34.48,46.51,29,75.62,76.53,73.59,98
1,76.53,81.53,61.34,61.69,98,"{'activity_id': 6, 'test_envs': 1, 'k_num': 2, 'squared_sigma': 800000000000, 'm': 1176}",75.56,98.55,85.53,69,87.50,24.14,37.84,29,79.09,76.53,71.42,98
1,76.53,74.40,64.34,65.74,98,"{'activity_id': 6, 'test_envs': 1, 'k_num': 2, 'squared_sigma': 800000000000, 'm': 1201}",77.38,94.20,84.97,69,71.43,34.48,46.51,29,75.62,76.53,73.59,98
1,77.55,79.41,64.07,65.45,98,"{'activity_id': 6, 'test_envs': 1, 'k_num': 3, 'squared_sigma': 800000000000, 'm': 971}",77.01,97.10,85.90,69,81.82,31.03,45.00,29,78.43,77.55,73.80,98
1,79.59,81.72,67.52,69.70,98,"{'activity_id': 6, 'test_envs': 1, 'k_num': 5, 'squared_sigma': 80000000000000, 'm': 1376}",78.82,97.10,87.01,69,84.62,37.93,52.38,29,80.54,79.59,76.76,98
2,71.13,35.57,50.00,41.57,97,"{'activity_id': 6, 'test_envs': 2, 'k_num': 1, 'squared_sigma': 8, 'm': 1}",71.13,100.00,83.13,69,0.00,0.00,0.00,28,50.60,71.13,59.14,97
2,67.01,50.63,50.28,47.64,97,"{'activity_id': 6, 'test_envs': 2, 'k_num': 1, 'squared_sigma': 8, 'm': 26}",71.26,89.86,79.49,69,30.00,10.71,15.79,28,59.35,67.01,61.10,97
2,70.10,58.59,53.52,51.58,97,"{'activity_id': 6, 'test_envs': 2, 'k_num': 1, 'squared_sigma': 8, 'm': 61}",72.73,92.75,81.53,69,44.44,14.29,21.62,28,64.56,70.10,64.24,97
2,71.13,61.52,54.24,52.25,97,"{'activity_id': 6, 'test_envs': 2, 'k_num': 1, 'squared_sigma': 8, 'm': 66}",73.03,94.20,82.28,69,50.00,14.29,22.22,28,66.38,71.13,64.94,97
2,71.13,61.52,54.24,52.25,97,"{'activity_id': 6, 'test_envs': 2, 'k_num': 1, 'squared_sigma': 8, 'm': 71}",73.03,94.20,82.28,69,50.00,14.29,22.22,28,66.38,71.13,64.94,97
2,71.13,61.52,54.24,52.25,97,"{'activity_id': 6, 'test_envs': 2, 'k_num': 1, 'squared_sigma': 8, 'm': 76}",73.03,94.20,82.28,69,50.00,14.29,22.22,28,66.38,71.13,64.94,97
2,71.13,61.52,54.24,52.25,97,"{'activity_id': 6, 'test_envs': 2, 'k_num': 1, 'squared_sigma': 8, 'm': 81}",73.03,94.20,82.28,69,50.00,14.29,22.22,28,66.38,71.13,64.94,97
2,71.13,61.52,54.24,52.25,97,"{'activity_id': 6, 'test_envs': 2, 'k_num': 1, 'squared_sigma': 8, 'm': 86}",73.03,94.20,82.28,69,50.00,14.29,22.22,28,66.38,71.13,64.94,97
2,71.13,60.79,51.06,44.80,97,"{'activity_id': 6, 'test_envs': 2, 'k_num': 1, 'squared_sigma': 8, 'm': 1351}",71.58,98.55,82.93,69,50.00,3.57,6.67,28,65.35,71.13,60.91,97
2,71.13,60.79,51.06,44.80,97,"{'activity_id': 6, 'test_envs': 2, 'k_num': 1, 'squared_sigma': 8, 'm': 1356}",71.58,98.55,82.93,69,50.00,3.57,6.67,28,65.35,71.13,60.91,97
2,72.16,69.50,52.85,48.17,97,"{'activity_id': 6, 'test_envs': 2, 'k_num': 1, 'squared_sigma': 8, 'm': 1361}",72.34,98.55,83.44,69,66.67,7.14,12.90,28,70.70,72.16,63.08,97
2,72.16,69.50,52.85,48.17,97,"{'activity_id': 6, 'test_envs': 2, 'k_num': 1, 'squared_sigma': 8, 'm': 1366}",72.34,98.55,83.44,69,66.67,7.14,12.90,28,70.70,72.16,63.08,97
2,72.16,85.94,51.79,45.27,97,"{'activity_id': 6, 'test_envs': 2, 'k_num': 1, 'squared_sigma': 8, 'm': 1371}",71.88,100.00,83.64,69,100.00,3.57,6.90,28,79.99,72.16,61.48,97
2,72.16,85.94,51.79,45.27,97,"{'activity_id': 6, 'test_envs': 2, 'k_num': 1, 'squared_sigma': 8, 'm': 1376}",71.88,100.00,83.64,69,100.00,3.57,6.90,28,79.99,72.16,61.48,97
2,72.16,85.94,51.79,45.27,97,"{'activity_id': 6, 'test_envs': 2, 'k_num': 1, 'squared_sigma': 8, 'm': 1381}",71.88,100.00,83.64,69,100.00,3.57,6.90,28,79.99,72.16,61.48,97
2,72.16,85.94,51.79,45.27,97,"{'activity_id': 6, 'test_envs': 2, 'k_num': 1, 'squared_sigma': 8, 'm': 1386}",71.88,100.00,83.64,69,100.00,3.57,6.90,28,79.99,72.16,61.48,97
2,72.16,85.94,51.79,45.27,97,"{'activity_id': 6, 'test_envs': 2, 'k_num': 1, 'squared_sigma': 8, 'm': 1391}",71.88,100.00,83.64,69,100.00,3.57,6.90,28,79.99,72.16,61.48,97
2,72.16,85.94,51.79,45.27,97,"{'activity_id': 6, 'test_envs': 2, 'k_num': 1, 'squared_sigma': 8, 'm': 1396}",71.88,100.00,83.64,69,100.00,3.57,6.90,28,79.99,72.16,61.48,97
2,72.16,85.94,51.79,45.27,97,"{'activity_id': 6, 'test_envs': 2, 'k_num': 1, 'squared_sigma': 8, 'm': 1401}",71.88,100.00,83.64,69,100.00,3.57,6.90,28,79.99,72.16,61.48,97
2,72.16,85.94,51.79,45.27,97,"{'activity_id': 6, 'test_envs': 2, 'k_num': 1, 'squared_sigma': 8, 'm': 1406}",71.88,100.00,83.64,69,100.00,3.57,6.90,28,79.99,72.16,61.48,97
2,71.13,61.52,54.24,52.25,97,"{'activity_id': 6, 'test_envs': 2, 'k_num': 2, 'squared_sigma': 8, 'm': 66}",73.03,94.20,82.28,69,50.00,14.29,22.22,28,66.38,71.13,64.94,97
2,71.13,61.52,54.24,52.25,97,"{'activity_id': 6, 'test_envs': 2, 'k_num': 2, 'squared_sigma': 8, 'm': 71}",73.03,94.20,82.28,69,50.00,14.29,22.22,28,66.38,71.13,64.94,97
2,71.13,61.52,54.24,52.25,97,"{'activity_id': 6, 'test_envs': 2, 'k_num': 2, 'squared_sigma': 8, 'm': 76}",73.03,94.20,82.28,69,50.00,14.29,22.22,28,66.38,71.13,64.94,97
2,71.13,61.52,54.24,52.25,97,"{'activity_id': 6, 'test_envs': 2, 'k_num': 2, 'squared_sigma': 8, 'm': 81}",73.03,94.20,82.28,69,50.00,14.29,22.22,28,66.38,71.13,64.94,97
2,71.13,61.52,54.24,52.25,97,"{'activity_id': 6, 'test_envs': 2, 'k_num': 2, 'squared_sigma': 8, 'm': 86}",73.03,94.20,82.28,69,50.00,14.29,22.22,28,66.38,71.13,64.94,97
2,72.16,85.94,51.79,45.27,97,"{'activity_id': 6, 'test_envs': 2, 'k_num': 2, 'squared_sigma': 8, 'm': 1351}",71.88,100.00,83.64,69,100.00,3.57,6.90,28,79.99,72.16,61.48,97
2,72.16,85.94,51.79,45.27,97,"{'activity_id': 6, 'test_envs': 2, 'k_num': 2, 'squared_sigma': 8, 'm': 1356}",71.88,100.00,83.64,69,100.00,3.57,6.90,28,79.99,72.16,61.48,97
2,73.20,86.32,53.57,48.74,97,"{'activity_id': 6, 'test_envs': 2, 'k_num': 2, 'squared_sigma': 8, 'm': 1361}",72.63,100.00,84.15,69,100.00,7.14,13.33,28,80.53,73.20,63.71,97
2,73.20,86.32,53.57,48.74,97,"{'activity_id': 6, 'test_envs': 2, 'k_num': 2, 'squared_sigma': 8, 'm': 1366}",72.63,100.00,84.15,69,100.00,7.14,13.33,28,80.53,73.20,63.71,97
2,71.13,61.52,54.24,52.25,97,"{'activity_id': 6, 'test_envs': 2, 'k_num': 4, 'squared_sigma': 8, 'm': 136}",73.03,94.20,82.28,69,50.00,14.29,22.22,28,66.38,71.13,64.94,97
2,73.20,86.32,53.57,48.74,97,"{'activity_id': 6, 'test_envs': 2, 'k_num': 10, 'squared_sigma': 8, 'm': 221}",72.63,100.00,84.15,69,100.00,7.14,13.33,28,80.53,73.20,63.71,97
2,73.20,86.32,53.57,48.74,97,"{'activity_id': 6, 'test_envs': 2, 'k_num': 10, 'squared_sigma': 8, 'm': 226}",72.63,100.00,84.15,69,100.00,7.14,13.33,28,80.53,73.20,63.71,97
2,61.86,54.01,54.09,54.04,97,"{'activity_id': 6, 'test_envs': 2, 'k_num': 1, 'squared_sigma': 80, 'm': 6}",73.53,72.46,72.99,69,34.48,35.71,35.09,28,62.26,61.86,62.05,97
2,62.89,56.44,56.94,56.57,97,"{'activity_id': 6, 'test_envs': 2, 'k_num': 1, 'squared_sigma': 80, 'm': 11}",75.38,71.01,73.13,69,37.50,42.86,40.00,28,64.45,62.89,63.57,97
2,69.07,60.16,58.10,58.48,97,"{'activity_id': 6, 'test_envs': 2, 'k_num': 1, 'squared_sigma': 80, 'm': 41}",75.32,84.06,79.45,69,45.00,32.14,37.50,28,66.57,69.07,67.34,97
2,72.16,64.78,61.34,62.09,97,"{'activity_id': 6, 'test_envs': 2, 'k_num': 1, 'squared_sigma': 80, 'm': 51}",76.92,86.96,81.63,69,52.63,35.71,42.55,28,69.91,72.16,70.35,97
2,74.23,68.86,60.66,61.34,97,"{'activity_id': 6, 'test_envs': 2, 'k_num': 3, 'squared_sigma': 80, 'm': 26}",76.19,92.75,83.66,69,61.54,28.57,39.02,28,71.96,74.23,70.78,97
2,74.23,68.86,60.66,61.34,97,"{'activity_id': 6, 'test_envs': 2, 'k_num': 3, 'squared_sigma': 80, 'm': 31}",76.19,92.75,83.66,69,61.54,28.57,39.02,28,71.96,74.23,70.78,97
2,76.29,74.74,62.11,63.09,97,"{'activity_id': 6, 'test_envs': 2, 'k_num': 3, 'squared_sigma': 80, 'm': 41}",76.74,95.65,85.16,69,72.73,28.57,41.03,28,75.58,76.29,72.42,97
2,78.35,77.75,65.68,67.53,97,"{'activity_id': 6, 'test_envs': 2, 'k_num': 3, 'squared_sigma': 80, 'm': 51}",78.57,95.65,86.27,69,76.92,35.71,48.78,28,78.10,78.35,75.45,97
2,77.32,73.21,67.08,68.65,97,"{'activity_id': 6, 'test_envs': 2, 'k_num': 1, 'squared_sigma': 800000000000, 'm': 671}",79.75,91.30,85.14,69,66.67,42.86,52.17,28,75.97,77.32,75.62,97
2,77.32,72.48,69.20,70.36,97,"{'activity_id': 6, 'test_envs': 2, 'k_num': 1, 'squared_sigma': 800000000000, 'm': 676}",81.33,88.41,84.72,69,63.64,50.00,56.00,28,76.22,77.32,76.43,97
2,78.35,74.12,69.93,71.33,97,"{'activity_id': 6, 'test_envs': 2, 'k_num': 1, 'squared_sigma': 800000000000, 'm': 681}",81.58,89.86,85.52,69,66.67,50.00,57.14,28,77.27,78.35,77.33,97
2,79.38,76.62,69.59,71.50,97,"{'activity_id': 6, 'test_envs': 2, 'k_num': 1, 'squared_sigma': 800000000000, 'm': 686}",81.01,92.75,86.49,69,72.22,46.43,56.52,28,78.48,79.38,77.84,97
3,71.13,35.57,50.00,41.57,97,"{'activity_id': 6, 'test_envs': 3, 'k_num': 1, 'squared_sigma': 8, 'm': 1}",71.13,100.00,83.13,69,0.00,0.00,0.00,28,50.60,71.13,59.14,97
3,71.13,35.57,50.00,41.57,97,"{'activity_id': 6, 'test_envs': 3, 'k_num': 1, 'squared_sigma': 8, 'm': 6}",71.13,100.00,83.13,69,0.00,0.00,0.00,28,50.60,71.13,59.14,97
3,71.13,35.57,50.00,41.57,97,"{'activity_id': 6, 'test_envs': 3, 'k_num': 1, 'squared_sigma': 8, 'm': 11}",71.13,100.00,83.13,69,0.00,0.00,0.00,28,50.60,71.13,59.14,97
3,71.13,35.57,50.00,41.57,97,"{'activity_id': 6, 'test_envs': 3, 'k_num': 1, 'squared_sigma': 8, 'm': 16}",71.13,100.00,83.13,69,0.00,0.00,0.00,28,50.60,71.13,59.14,97
3,71.13,61.02,52.12,47.61,97,"{'activity_id': 6, 'test_envs': 3, 'k_num': 1, 'squared_sigma': 8, 'm': 21}",72.04,97.10,82.72,69,50.00,7.14,12.50,28,65.68,71.13,62.45,97
3,71.13,61.02,52.12,47.61,97,"{'activity_id': 6, 'test_envs': 3, 'k_num': 1, 'squared_sigma': 8, 'm': 26}",72.04,97.10,82.72,69,50.00,7.14,12.50,28,65.68,71.13,62.45,97
3,71.13,61.02,52.12,47.61,97,"{'activity_id': 6, 'test_envs': 3, 'k_num': 1, 'squared_sigma': 8, 'm': 31}",72.04,97.10,82.72,69,50.00,7.14,12.50,28,65.68,71.13,62.45,97
3,71.13,61.02,52.12,47.61,97,"{'activity_id': 6, 'test_envs': 3, 'k_num': 1, 'squared_sigma': 8, 'm': 36}",72.04,97.10,82.72,69,50.00,7.14,12.50,28,65.68,71.13,62.45,97
3,71.13,61.02,52.12,47.61,97,"{'activity_id': 6, 'test_envs': 3, 'k_num': 1, 'squared_sigma': 8, 'm': 41}",72.04,97.10,82.72,69,50.00,7.14,12.50,28,65.68,71.13,62.45,97
3,71.13,61.02,52.12,47.61,97,"{'activity_id': 6, 'test_envs': 3, 'k_num': 1, 'squared_sigma': 8, 'm': 46}",72.04,97.10,82.72,69,50.00,7.14,12.50,28,65.68,71.13,62.45,97
3,71.13,61.02,52.12,47.61,97,"{'activity_id': 6, 'test_envs': 3, 'k_num': 1, 'squared_sigma': 8, 'm': 51}",72.04,97.10,82.72,69,50.00,7.14,12.50,28,65.68,71.13,62.45,97
3,71.13,61.02,52.12,47.61,97,"{'activity_id': 6, 'test_envs': 3, 'k_num': 1, 'squared_sigma': 8, 'm': 56}",72.04,97.10,82.72,69,50.00,7.14,12.50,28,65.68,71.13,62.45,97
3,71.13,61.02,52.12,47.61,97,"{'activity_id': 6, 'test_envs': 3, 'k_num': 1, 'squared_sigma': 8, 'm': 61}",72.04,97.10,82.72,69,50.00,7.14,12.50,28,65.68,71.13,62.45,97
3,67.01,52.55,51.35,49.61,97,"{'activity_id': 6, 'test_envs': 3, 'k_num': 1, 'squared_sigma': 8, 'm': 86}",71.76,88.41,79.22,69,33.33,14.29,20.00,28,60.67,67.01,62.13,97
3,67.01,52.55,51.35,49.61,97,"{'activity_id': 6, 'test_envs': 3, 'k_num': 1, 'squared_sigma': 8, 'm': 91}",71.76,88.41,79.22,69,33.33,14.29,20.00,28,60.67,67.01,62.13,97
3,67.01,52.55,51.35,49.61,97,"{'activity_id': 6, 'test_envs': 3, 'k_num': 1, 'squared_sigma': 8, 'm': 96}",71.76,88.41,79.22,69,33.33,14.29,20.00,28,60.67,67.01,62.13,97
3,67.01,52.55,51.35,49.61,97,"{'activity_id': 6, 'test_envs': 3, 'k_num': 1, 'squared_sigma': 8, 'm': 101}",71.76,88.41,79.22,69,33.33,14.29,20.00,28,60.67,67.01,62.13,97
3,67.01,52.55,51.35,49.61,97,"{'activity_id': 6, 'test_envs': 3, 'k_num': 1, 'squared_sigma': 8, 'm': 106}",71.76,88.41,79.22,69,33.33,14.29,20.00,28,60.67,67.01,62.13,97
3,67.01,52.55,51.35,49.61,97,"{'activity_id': 6, 'test_envs': 3, 'k_num': 1, 'squared_sigma': 8, 'm': 111}",71.76,88.41,79.22,69,33.33,14.29,20.00,28,60.67,67.01,62.13,97
3,67.01,52.55,51.35,49.61,97,"{'activity_id': 6, 'test_envs': 3, 'k_num': 1, 'squared_sigma': 8, 'm': 116}",71.76,88.41,79.22,69,33.33,14.29,20.00,28,60.67,67.01,62.13,97
3,67.01,52.55,51.35,49.61,97,"{'activity_id': 6, 'test_envs': 3, 'k_num': 1, 'squared_sigma': 8, 'm': 121}",71.76,88.41,79.22,69,33.33,14.29,20.00,28,60.67,67.01,62.13,97
3,65.98,53.90,52.74,52.26,97,"{'activity_id': 6, 'test_envs': 3, 'k_num': 1, 'squared_sigma': 8, 'm': 146}",72.50,84.06,77.85,69,35.29,21.43,26.67,28,61.76,65.98,63.08,97
3,71.13,61.02,52.12,47.61,97,"{'activity_id': 6, 'test_envs': 3, 'k_num': 1, 'squared_sigma': 8, 'm': 1226}",72.04,97.10,82.72,69,50.00,7.14,12.50,28,65.68,71.13,62.45,97
3,71.13,61.02,52.12,47.61,97,"{'activity_id': 6, 'test_envs': 3, 'k_num': 1, 'squared_sigma': 8, 'm': 1231}",72.04,97.10,82.72,69,50.00,7.14,12.50,28,65.68,71.13,62.45,97
3,71.13,61.02,52.12,47.61,97,"{'activity_id': 6, 'test_envs': 3, 'k_num': 1, 'squared_sigma': 8, 'm': 1236}",72.04,97.10,82.72,69,50.00,7.14,12.50,28,65.68,71.13,62.45,97
3,71.13,61.02,52.12,47.61,97,"{'activity_id': 6, 'test_envs': 3, 'k_num': 1, 'squared_sigma': 8, 'm': 1241}",72.04,97.10,82.72,69,50.00,7.14,12.50,28,65.68,71.13,62.45,97
3,71.13,61.02,52.12,47.61,97,"{'activity_id': 6, 'test_envs': 3, 'k_num': 1, 'squared_sigma': 8, 'm': 1246}",72.04,97.10,82.72,69,50.00,7.14,12.50,28,65.68,71.13,62.45,97
3,71.13,61.02,52.12,47.61,97,"{'activity_id': 6, 'test_envs': 3, 'k_num': 1, 'squared_sigma': 8, 'm': 1251}",72.04,97.10,82.72,69,50.00,7.14,12.50,28,65.68,71.13,62.45,97
3,71.13,61.02,52.12,47.61,97,"{'activity_id': 6, 'test_envs': 3, 'k_num': 1, 'squared_sigma': 8, 'm': 1256}",72.04,97.10,82.72,69,50.00,7.14,12.50,28,65.68,71.13,62.45,97
3,72.16,69.50,52.85,48.17,97,"{'activity_id': 6, 'test_envs': 3, 'k_num': 1, 'squared_sigma': 8, 'm': 1261}",72.34,98.55,83.44,69,66.67,7.14,12.90,28,70.70,72.16,63.08,97
3,72.16,69.50,52.85,48.17,97,"{'activity_id': 6, 'test_envs': 3, 'k_num': 1, 'squared_sigma': 8, 'm': 1266}",72.34,98.55,83.44,69,66.67,7.14,12.90,28,70.70,72.16,63.08,97
3,72.16,69.50,52.85,48.17,97,"{'activity_id': 6, 'test_envs': 3, 'k_num': 1, 'squared_sigma': 8, 'm': 1271}",72.34,98.55,83.44,69,66.67,7.14,12.90,28,70.70,72.16,63.08,97
3,72.16,69.50,52.85,48.17,97,"{'activity_id': 6, 'test_envs': 3, 'k_num': 1, 'squared_sigma': 8, 'm': 1276}",72.34,98.55,83.44,69,66.67,7.14,12.90,28,70.70,72.16,63.08,97
3,72.16,69.50,52.85,48.17,97,"{'activity_id': 6, 'test_envs': 3, 'k_num': 1, 'squared_sigma': 8, 'm': 1281}",72.34,98.55,83.44,69,66.67,7.14,12.90,28,70.70,72.16,63.08,97
3,72.16,69.50,52.85,48.17,97,"{'activity_id': 6, 'test_envs': 3, 'k_num': 1, 'squared_sigma': 8, 'm': 1286}",72.34,98.55,83.44,69,66.67,7.14,12.90,28,70.70,72.16,63.08,97
3,72.16,69.50,52.85,48.17,97,"{'activity_id': 6, 'test_envs': 3, 'k_num': 1, 'squared_sigma': 8, 'm': 1291}",72.34,98.55,83.44,69,66.67,7.14,12.90,28,70.70,72.16,63.08,97
3,72.16,69.50,52.85,48.17,97,"{'activity_id': 6, 'test_envs': 3, 'k_num': 1, 'squared_sigma': 8, 'm': 1296}",72.34,98.55,83.44,69,66.67,7.14,12.90,28,70.70,72.16,63.08,97
3,72.16,69.50,52.85,48.17,97,"{'activity_id': 6, 'test_envs': 3, 'k_num': 1, 'squared_sigma': 8, 'm': 1301}",72.34,98.55,83.44,69,66.67,7.14,12.90,28,70.70,72.16,63.08,97
3,72.16,69.50,52.85,48.17,97,"{'activity_id': 6, 'test_envs': 3, 'k_num': 1, 'squared_sigma': 8, 'm': 1306}",72.34,98.55,83.44,69,66.67,7.14,12.90,28,70.70,72.16,63.08,97
3,72.16,69.50,52.85,48.17,97,"{'activity_id': 6, 'test_envs': 3, 'k_num': 1, 'squared_sigma': 8, 'm': 1311}",72.34,98.55,83.44,69,66.67,7.14,12.90,28,70.70,72.16,63.08,97
3,72.16,69.50,52.85,48.17,97,"{'activity_id': 6, 'test_envs': 3, 'k_num': 1, 'squared_sigma': 8, 'm': 1316}",72.34,98.55,83.44,69,66.67,7.14,12.90,28,70.70,72.16,63.08,97
3,72.16,69.50,52.85,48.17,97,"{'activity_id': 6, 'test_envs': 3, 'k_num': 1, 'squared_sigma': 8, 'm': 1321}",72.34,98.55,83.44,69,66.67,7.14,12.90,28,70.70,72.16,63.08,97
3,72.16,69.50,52.85,48.17,97,"{'activity_id': 6, 'test_envs': 3, 'k_num': 1, 'squared_sigma': 8, 'm': 1326}",72.34,98.55,83.44,69,66.67,7.14,12.90,28,70.70,72.16,63.08,97
3,72.16,69.50,52.85,48.17,97,"{'activity_id': 6, 'test_envs': 3, 'k_num': 1, 'squared_sigma': 8, 'm': 1331}",72.34,98.55,83.44,69,66.67,7.14,12.90,28,70.70,72.16,63.08,97
3,72.16,69.50,52.85,48.17,97,"{'activity_id': 6, 'test_envs': 3, 'k_num': 1, 'squared_sigma': 8, 'm': 1336}",72.34,98.55,83.44,69,66.67,7.14,12.90,28,70.70,72.16,63.08,97
3,72.16,69.50,52.85,48.17,97,"{'activity_id': 6, 'test_envs': 3, 'k_num': 1, 'squared_sigma': 8, 'm': 1341}",72.34,98.55,83.44,69,66.67,7.14,12.90,28,70.70,72.16,63.08,97
3,72.16,69.50,52.85,48.17,97,"{'activity_id': 6, 'test_envs': 3, 'k_num': 1, 'squared_sigma': 8, 'm': 1346}",72.34,98.55,83.44,69,66.67,7.14,12.90,28,70.70,72.16,63.08,97
3,73.20,86.32,53.57,48.74,97,"{'activity_id': 6, 'test_envs': 3, 'k_num': 1, 'squared_sigma': 8, 'm': 1351}",72.63,100.00,84.15,69,100.00,7.14,13.33,28,80.53,73.20,63.71,97
3,73.20,86.32,53.57,48.74,97,"{'activity_id': 6, 'test_envs': 3, 'k_num': 1, 'squared_sigma': 8, 'm': 1356}",72.63,100.00,84.15,69,100.00,7.14,13.33,28,80.53,73.20,63.71,97
3,73.20,86.32,53.57,48.74,97,"{'activity_id': 6, 'test_envs': 3, 'k_num': 1, 'squared_sigma': 8, 'm': 1361}",72.63,100.00,84.15,69,100.00,7.14,13.33,28,80.53,73.20,63.71,97
3,73.20,86.32,53.57,48.74,97,"{'activity_id': 6, 'test_envs': 3, 'k_num': 1, 'squared_sigma': 8, 'm': 1366}",72.63,100.00,84.15,69,100.00,7.14,13.33,28,80.53,73.20,63.71,97
3,73.20,86.32,53.57,48.74,97,"{'activity_id': 6, 'test_envs': 3, 'k_num': 1, 'squared_sigma': 8, 'm': 1371}",72.63,100.00,84.15,69,100.00,7.14,13.33,28,80.53,73.20,63.71,97
3,73.20,86.32,53.57,48.74,97,"{'activity_id': 6, 'test_envs': 3, 'k_num': 1, 'squared_sigma': 8, 'm': 1376}",72.63,100.00,84.15,69,100.00,7.14,13.33,28,80.53,73.20,63.71,97
3,73.20,86.32,53.57,48.74,97,"{'activity_id': 6, 'test_envs': 3, 'k_num': 1, 'squared_sigma': 8, 'm': 1381}",72.63,100.00,84.15,69,100.00,7.14,13.33,28,80.53,73.20,63.71,97
3,73.20,86.32,53.57,48.74,97,"{'activity_id': 6, 'test_envs': 3, 'k_num': 1, 'squared_sigma': 8, 'm': 1386}",72.63,100.00,84.15,69,100.00,7.14,13.33,28,80.53,73.20,63.71,97
3,73.20,86.32,53.57,48.74,97,"{'activity_id': 6, 'test_envs': 3, 'k_num': 1, 'squared_sigma': 8, 'm': 1391}",72.63,100.00,84.15,69,100.00,7.14,13.33,28,80.53,73.20,63.71,97
3,73.20,86.32,53.57,48.74,97,"{'activity_id': 6, 'test_envs': 3, 'k_num': 1, 'squared_sigma': 8, 'm': 1396}",72.63,100.00,84.15,69,100.00,7.14,13.33,28,80.53,73.20,63.71,97
3,73.20,86.32,53.57,48.74,97,"{'activity_id': 6, 'test_envs': 3, 'k_num': 1, 'squared_sigma': 8, 'm': 1401}",72.63,100.00,84.15,69,100.00,7.14,13.33,28,80.53,73.20,63.71,97
3,73.20,86.32,53.57,48.74,97,"{'activity_id': 6, 'test_envs': 3, 'k_num': 1, 'squared_sigma': 8, 'm': 1406}",72.63,100.00,84.15,69,100.00,7.14,13.33,28,80.53,73.20,63.71,97
3,73.20,86.32,53.57,48.74,97,"{'activity_id': 6, 'test_envs': 3, 'k_num': 1, 'squared_sigma': 8, 'm': 1411}",72.63,100.00,84.15,69,100.00,7.14,13.33,28,80.53,73.20,63.71,97
3,73.20,86.32,53.57,48.74,97,"{'activity_id': 6, 'test_envs': 3, 'k_num': 1, 'squared_sigma': 8, 'm': 1416}",72.63,100.00,84.15,69,100.00,7.14,13.33,28,80.53,73.20,63.71,97
3,65.98,53.90,52.74,52.26,97,"{'activity_id': 6, 'test_envs': 3, 'k_num': 2, 'squared_sigma': 8, 'm': 146}",72.50,84.06,77.85,69,35.29,21.43,26.67,28,61.76,65.98,63.08,97
3,73.20,86.32,53.57,48.74,97,"{'activity_id': 6, 'test_envs': 3, 'k_num': 2, 'squared_sigma': 8, 'm': 1351}",72.63,100.00,84.15,69,100.00,7.14,13.33,28,80.53,73.20,63.71,97
3,73.20,86.32,53.57,48.74,97,"{'activity_id': 6, 'test_envs': 3, 'k_num': 2, 'squared_sigma': 8, 'm': 1356}",72.63,100.00,84.15,69,100.00,7.14,13.33,28,80.53,73.20,63.71,97
3,73.20,86.32,53.57,48.74,97,"{'activity_id': 6, 'test_envs': 3, 'k_num': 2, 'squared_sigma': 8, 'm': 1361}",72.63,100.00,84.15,69,100.00,7.14,13.33,28,80.53,73.20,63.71,97
3,73.20,86.32,53.57,48.74,97,"{'activity_id': 6, 'test_envs': 3, 'k_num': 2, 'squared_sigma': 8, 'm': 1366}",72.63,100.00,84.15,69,100.00,7.14,13.33,28,80.53,73.20,63.71,97
3,73.20,86.32,53.57,48.74,97,"{'activity_id': 6, 'test_envs': 3, 'k_num': 2, 'squared_sigma': 8, 'm': 1371}",72.63,100.00,84.15,69,100.00,7.14,13.33,28,80.53,73.20,63.71,97
3,73.20,86.32,53.57,48.74,97,"{'activity_id': 6, 'test_envs': 3, 'k_num': 2, 'squared_sigma': 8, 'm': 1376}",72.63,100.00,84.15,69,100.00,7.14,13.33,28,80.53,73.20,63.71,97
3,73.20,86.32,53.57,48.74,97,"{'activity_id': 6, 'test_envs': 3, 'k_num': 2, 'squared_sigma': 8, 'm': 1381}",72.63,100.00,84.15,69,100.00,7.14,13.33,28,80.53,73.20,63.71,97
3,73.20,86.32,53.57,48.74,97,"{'activity_id': 6, 'test_envs': 3, 'k_num': 2, 'squared_sigma': 8, 'm': 1386}",72.63,100.00,84.15,69,100.00,7.14,13.33,28,80.53,73.20,63.71,97
3,73.20,86.32,53.57,48.74,97,"{'activity_id': 6, 'test_envs': 3, 'k_num': 2, 'squared_sigma': 8, 'm': 1391}",72.63,100.00,84.15,69,100.00,7.14,13.33,28,80.53,73.20,63.71,97
3,73.20,86.32,53.57,48.74,97,"{'activity_id': 6, 'test_envs': 3, 'k_num': 2, 'squared_sigma': 8, 'm': 1396}",72.63,100.00,84.15,69,100.00,7.14,13.33,28,80.53,73.20,63.71,97
3,73.20,86.32,53.57,48.74,97,"{'activity_id': 6, 'test_envs': 3, 'k_num': 2, 'squared_sigma': 8, 'm': 1401}",72.63,100.00,84.15,69,100.00,7.14,13.33,28,80.53,73.20,63.71,97
3,73.20,86.32,53.57,48.74,97,"{'activity_id': 6, 'test_envs': 3, 'k_num': 2, 'squared_sigma': 8, 'm': 1406}",72.63,100.00,84.15,69,100.00,7.14,13.33,28,80.53,73.20,63.71,97
3,73.20,86.32,53.57,48.74,97,"{'activity_id': 6, 'test_envs': 3, 'k_num': 2, 'squared_sigma': 8, 'm': 1411}",72.63,100.00,84.15,69,100.00,7.14,13.33,28,80.53,73.20,63.71,97
3,73.20,86.32,53.57,48.74,97,"{'activity_id': 6, 'test_envs': 3, 'k_num': 2, 'squared_sigma': 8, 'm': 1416}",72.63,100.00,84.15,69,100.00,7.14,13.33,28,80.53,73.20,63.71,97
3,69.07,57.30,53.86,52.76,97,"{'activity_id': 6, 'test_envs': 3, 'k_num': 3, 'squared_sigma': 8, 'm': 86}",72.94,89.86,80.52,69,41.67,17.86,25.00,28,63.91,69.07,64.49,97
3,69.07,57.30,53.86,52.76,97,"{'activity_id': 6, 'test_envs': 3, 'k_num': 3, 'squared_sigma': 8, 'm': 91}",72.94,89.86,80.52,69,41.67,17.86,25.00,28,63.91,69.07,64.49,97
3,69.07,57.30,53.86,52.76,97,"{'activity_id': 6, 'test_envs': 3, 'k_num': 3, 'squared_sigma': 8, 'm': 96}",72.94,89.86,80.52,69,41.67,17.86,25.00,28,63.91,69.07,64.49,97
3,69.07,57.30,53.86,52.76,97,"{'activity_id': 6, 'test_envs': 3, 'k_num': 3, 'squared_sigma': 8, 'm': 101}",72.94,89.86,80.52,69,41.67,17.86,25.00,28,63.91,69.07,64.49,97
3,69.07,57.30,53.86,52.76,97,"{'activity_id': 6, 'test_envs': 3, 'k_num': 3, 'squared_sigma': 8, 'm': 106}",72.94,89.86,80.52,69,41.67,17.86,25.00,28,63.91,69.07,64.49,97
3,69.07,57.30,53.86,52.76,97,"{'activity_id': 6, 'test_envs': 3, 'k_num': 3, 'squared_sigma': 8, 'm': 111}",72.94,89.86,80.52,69,41.67,17.86,25.00,28,63.91,69.07,64.49,97
3,69.07,57.30,53.86,52.76,97,"{'activity_id': 6, 'test_envs': 3, 'k_num': 3, 'squared_sigma': 8, 'm': 116}",72.94,89.86,80.52,69,41.67,17.86,25.00,28,63.91,69.07,64.49,97
3,69.07,57.30,53.86,52.76,97,"{'activity_id': 6, 'test_envs': 3, 'k_num': 3, 'squared_sigma': 8, 'm': 121}",72.94,89.86,80.52,69,41.67,17.86,25.00,28,63.91,69.07,64.49,97
3,70.10,59.36,54.58,53.47,97,"{'activity_id': 6, 'test_envs': 3, 'k_num': 3, 'squared_sigma': 8, 'm': 126}",73.26,91.30,81.29,69,45.45,17.86,25.64,28,65.23,70.10,65.23,97
3,70.10,59.36,54.58,53.47,97,"{'activity_id': 6, 'test_envs': 3, 'k_num': 3, 'squared_sigma': 8, 'm': 131}",73.26,91.30,81.29,69,45.45,17.86,25.64,28,65.23,70.10,65.23,97
3,67.01,59.18,58.77,58.94,97,"{'activity_id': 6, 'test_envs': 3, 'k_num': 1, 'squared_sigma': 80, 'm': 11}",76.06,78.26,77.14,69,42.31,39.29,40.74,28,66.31,67.01,66.64,97
3,68.04,60.19,59.50,59.76,97,"{'activity_id': 6, 'test_envs': 3, 'k_num': 1, 'squared_sigma': 80, 'm': 26}",76.39,79.71,78.01,69,44.00,39.29,41.51,28,67.04,68.04,67.48,97
3,73.20,66.81,58.88,59.06,97,"{'activity_id': 6, 'test_envs': 3, 'k_num': 1, 'squared_sigma': 80, 'm': 206}",75.29,92.75,83.12,69,58.33,25.00,35.00,28,70.40,73.20,69.23,97
3,73.20,66.81,58.88,59.06,97,"{'activity_id': 6, 'test_envs': 3, 'k_num': 1, 'squared_sigma': 80, 'm': 211}",75.29,92.75,83.12,69,58.33,25.00,35.00,28,70.40,73.20,69.23,97
3,74.23,68.86,60.66,61.34,97,"{'activity_id': 6, 'test_envs': 3, 'k_num': 1, 'squared_sigma': 80, 'm': 216}",76.19,92.75,83.66,69,61.54,28.57,39.02,28,71.96,74.23,70.78,97
3,74.23,70.83,58.54,58.25,97,"{'activity_id': 6, 'test_envs': 3, 'k_num': 1, 'squared_sigma': 80, 'm': 321}",75.00,95.65,84.08,69,66.67,21.43,32.43,28,72.59,74.23,69.17,97
3,75.26,75.14,59.27,59.07,97,"{'activity_id': 6, 'test_envs': 3, 'k_num': 1, 'squared_sigma': 80, 'm': 326}",75.28,97.10,84.81,69,75.00,21.43,33.33,28,75.20,75.26,69.95,97
3,75.26,75.14,59.27,59.07,97,"{'activity_id': 6, 'test_envs': 3, 'k_num': 1, 'squared_sigma': 80, 'm': 331}",75.28,97.10,84.81,69,75.00,21.43,33.33,28,75.20,75.26,69.95,97
3,75.26,75.14,59.27,59.07,97,"{'activity_id': 6, 'test_envs': 3, 'k_num': 1, 'squared_sigma': 80, 'm': 336}",75.28,97.10,84.81,69,75.00,21.43,33.33,28,75.20,75.26,69.95,97
3,75.26,75.14,59.27,59.07,97,"{'activity_id': 6, 'test_envs': 3, 'k_num': 1, 'squared_sigma': 80, 'm': 341}",75.28,97.10,84.81,69,75.00,21.43,33.33,28,75.20,75.26,69.95,97
3,75.26,75.14,59.27,59.07,97,"{'activity_id': 6, 'test_envs': 3, 'k_num': 1, 'squared_sigma': 80, 'm': 346}",75.28,97.10,84.81,69,75.00,21.43,33.33,28,75.20,75.26,69.95,97
3,75.26,75.14,59.27,59.07,97,"{'activity_id': 6, 'test_envs': 3, 'k_num': 1, 'squared_sigma': 80, 'm': 351}",75.28,97.10,84.81,69,75.00,21.43,33.33,28,75.20,75.26,69.95,97
3,75.26,75.14,59.27,59.07,97,"{'activity_id': 6, 'test_envs': 3, 'k_num': 1, 'squared_sigma': 80, 'm': 356}",75.28,97.10,84.81,69,75.00,21.43,33.33,28,75.20,75.26,69.95,97
3,75.26,75.14,59.27,59.07,97,"{'activity_id': 6, 'test_envs': 3, 'k_num': 1, 'squared_sigma': 80, 'm': 361}",75.28,97.10,84.81,69,75.00,21.43,33.33,28,75.20,75.26,69.95,97
3,75.26,75.14,59.27,59.07,97,"{'activity_id': 6, 'test_envs': 3, 'k_num': 1, 'squared_sigma': 80, 'm': 366}",75.28,97.10,84.81,69,75.00,21.43,33.33,28,75.20,75.26,69.95,97
3,75.26,75.14,59.27,59.07,97,"{'activity_id': 6, 'test_envs': 3, 'k_num': 1, 'squared_sigma': 80, 'm': 371}",75.28,97.10,84.81,69,75.00,21.43,33.33,28,75.20,75.26,69.95,97
3,70.10,62.43,60.95,61.43,97,"{'activity_id': 6, 'test_envs': 3, 'k_num': 2, 'squared_sigma': 80, 'm': 26}",77.03,82.61,79.72,69,47.83,39.29,43.14,28,68.60,70.10,69.16,97
3,75.26,75.14,59.27,59.07,97,"{'activity_id': 6, 'test_envs': 3, 'k_num': 2, 'squared_sigma': 80, 'm': 321}",75.28,97.10,84.81,69,75.00,21.43,33.33,28,75.20,75.26,69.95,97
3,75.26,75.14,59.27,59.07,97,"{'activity_id': 6, 'test_envs': 3, 'k_num': 2, 'squared_sigma': 80, 'm': 326}",75.28,97.10,84.81,69,75.00,21.43,33.33,28,75.20,75.26,69.95,97
3,75.26,75.14,59.27,59.07,97,"{'activity_id': 6, 'test_envs': 3, 'k_num': 2, 'squared_sigma': 80, 'm': 331}",75.28,97.10,84.81,69,75.00,21.43,33.33,28,75.20,75.26,69.95,97
3,75.26,75.14,59.27,59.07,97,"{'activity_id': 6, 'test_envs': 3, 'k_num': 2, 'squared_sigma': 80, 'm': 336}",75.28,97.10,84.81,69,75.00,21.43,33.33,28,75.20,75.26,69.95,97
3,75.26,75.14,59.27,59.07,97,"{'activity_id': 6, 'test_envs': 3, 'k_num': 2, 'squared_sigma': 80, 'm': 341}",75.28,97.10,84.81,69,75.00,21.43,33.33,28,75.20,75.26,69.95,97
3,75.26,75.14,59.27,59.07,97,"{'activity_id': 6, 'test_envs': 3, 'k_num': 2, 'squared_sigma': 80, 'm': 346}",75.28,97.10,84.81,69,75.00,21.43,33.33,28,75.20,75.26,69.95,97
3,75.26,75.14,59.27,59.07,97,"{'activity_id': 6, 'test_envs': 3, 'k_num': 2, 'squared_sigma': 80, 'm': 351}",75.28,97.10,84.81,69,75.00,21.43,33.33,28,75.20,75.26,69.95,97
3,75.26,75.14,59.27,59.07,97,"{'activity_id': 6, 'test_envs': 3, 'k_num': 2, 'squared_sigma': 80, 'm': 356}",75.28,97.10,84.81,69,75.00,21.43,33.33,28,75.20,75.26,69.95,97
3,75.26,75.14,59.27,59.07,97,"{'activity_id': 6, 'test_envs': 3, 'k_num': 2, 'squared_sigma': 80, 'm': 361}",75.28,97.10,84.81,69,75.00,21.43,33.33,28,75.20,75.26,69.95,97
3,75.26,75.14,59.27,59.07,97,"{'activity_id': 6, 'test_envs': 3, 'k_num': 2, 'squared_sigma': 80, 'm': 366}",75.28,97.10,84.81,69,75.00,21.43,33.33,28,75.20,75.26,69.95,97
3,75.26,75.14,59.27,59.07,97,"{'activity_id': 6, 'test_envs': 3, 'k_num': 2, 'squared_sigma': 80, 'm': 371}",75.28,97.10,84.81,69,75.00,21.43,33.33,28,75.20,75.26,69.95,97
3,75.26,79.03,58.20,57.21,97,"{'activity_id': 6, 'test_envs': 3, 'k_num': 5, 'squared_sigma': 80, 'm': 321}",74.73,98.55,85.00,69,83.33,17.86,29.41,28,77.21,75.26,68.95,97
3,75.26,71.57,61.39,62.21,97,"{'activity_id': 6, 'test_envs': 3, 'k_num': 7, 'squared_sigma': 8000, 'm': 6}",76.47,94.20,84.42,69,66.67,28.57,40.00,28,73.64,75.26,71.59,97
3,75.26,87.10,57.14,55.09,97,"{'activity_id': 6, 'test_envs': 3, 'k_num': 9, 'squared_sigma': 80000, 'm': 71}",74.19,100.00,85.19,69,100.00,14.29,25.00,28,81.64,75.26,67.81,97
3,75.26,87.10,57.14,55.09,97,"{'activity_id': 6, 'test_envs': 3, 'k_num': 10, 'squared_sigma': 80000, 'm': 71}",74.19,100.00,85.19,69,100.00,14.29,25.00,28,81.64,75.26,67.81,97
3,75.26,87.10,57.14,55.09,97,"{'activity_id': 6, 'test_envs': 3, 'k_num': 3, 'squared_sigma': 8000000000000, 'm': 986}",74.19,100.00,85.19,69,100.00,14.29,25.00,28,81.64,75.26,67.81,97
3,75.26,87.10,57.14,55.09,97,"{'activity_id': 6, 'test_envs': 3, 'k_num': 3, 'squared_sigma': 8000000000000, 'm': 1076}",74.19,100.00,85.19,69,100.00,14.29,25.00,28,81.64,75.26,67.81,97
3,75.26,72.93,60.33,60.73,97,"{'activity_id': 6, 'test_envs': 3, 'k_num': 4, 'squared_sigma': 8000000000000, 'm': 356}",75.86,95.65,84.62,69,70.00,25.00,36.84,28,74.17,75.26,70.83,97
3,75.26,71.57,61.39,62.21,97,"{'activity_id': 6, 'test_envs': 3, 'k_num': 7, 'squared_sigma': 8000000000000, 'm': 381}",76.47,94.20,84.42,69,66.67,28.57,40.00,28,73.64,75.26,71.59,97
3,75.26,75.14,59.27,59.07,97,"{'activity_id': 6, 'test_envs': 3, 'k_num': 8, 'squared_sigma': 8000000000000, 'm': 381}",75.28,97.10,84.81,69,75.00,21.43,33.33,28,75.20,75.26,69.95,97
3,76.29,76.96,61.05,61.59,97,"{'activity_id': 6, 'test_envs': 3, 'k_num': 9, 'squared_sigma': 8000000000000, 'm': 381}",76.14,97.10,85.35,69,77.78,25.00,37.84,28,76.61,76.29,71.64,97
3,76.29,74.74,62.11,63.09,97,"{'activity_id': 6, 'test_envs': 3, 'k_num': 11, 'squared_sigma': 8000000000000, 'm': 406}",76.74,95.65,85.16,69,72.73,28.57,41.03,28,75.58,76.29,72.42,97
3,67.01,63.05,65.14,63.26,97,"{'activity_id': 6, 'test_envs': 3, 'k_num': 3, 'squared_sigma': 80000000000000, 'm': 1476}",81.36,69.57,75.00,69,44.74,60.71,51.52,28,70.79,67.01,68.22,97
3,75.26,70.70,62.45,63.53,97,"{'activity_id': 6, 'test_envs': 3, 'k_num': 5, 'squared_sigma': 80000000000000, 'm': 341}",77.11,92.75,84.21,69,64.29,32.14,42.86,28,73.41,75.26,72.27,97
3,76.29,73.31,63.17,64.43,97,"{'activity_id': 6, 'test_envs': 3, 'k_num': 7, 'squared_sigma': 80000000000000, 'm': 451}",77.38,94.20,84.97,69,69.23,32.14,43.90,28,75.03,76.29,73.11,97
3,76.29,74.74,62.11,63.09,97,"{'activity_id': 6, 'test_envs': 3, 'k_num': 9, 'squared_sigma': 80000000000000, 'm': 451}",76.74,95.65,85.16,69,72.73,28.57,41.03,28,75.58,76.29,72.42,97
3,74.23,68.05,63.85,64.90,97,"{'activity_id': 6, 'test_envs': 3, 'k_num': 9, 'squared_sigma': 80000000000000, 'm': 1451}",78.21,88.41,82.99,69,57.89,39.29,46.81,28,72.34,74.23,72.55,97
3,74.23,68.13,65.97,66.75,97,"{'activity_id': 6, 'test_envs': 3, 'k_num': 3, 'squared_sigma': 800000000000000, 'm': 1476}",79.73,85.51,82.52,69,56.52,46.43,50.98,28,73.03,74.23,73.41,97
